30163509,沈腾,黄景瑜,尹正,张本煜,尹昉,剧情,励志,喜剧
4840388,王宝强,鄂靖文,张全蛋,景如洋,张琪,剧情,喜剧,Nan
26369709,史蒂夫·卡瑞尔,法尔克·亨特切尔,马特·欧莱瑞,尼古莱·维切尔,帕特里克·罗卡斯,剧情,传记,Nan
30287729,凯文·康瑞,乔治·纽伯恩,苏珊·爱森伯格,丹妮拉·玻芭迪拉,素玛立·蒙塔诺,动画,Nan,Nan
30349667,克里斯蒂亚娜,‧德‧布奥恩,本杰明·温赖特,斯科特·特纳·菲尔德,塞马斯·F·萨金特,传记,Nan,Nan
27622447,中川雅也,安藤樱,松冈茉优,城桧吏,佐佐木美结,剧情,家庭,犯罪
25986662,黄渤,沈腾,汤姆·派福瑞,马修·莫里森,徐峥,喜剧,科幻,Nan
26374197,沙梅克·摩尔,杰克·约翰逊,海莉·斯坦菲尔德,马赫沙拉·阿里,布莱恩·泰里·亨利,动作,科幻,动画
30331149,张喆,杨天翔,唐小喜,刘薇,张遥函,爱情,动画,奇幻
27109679,泰勒·拉塞尔,洛根·米勒,黛博拉·安沃尔,泰勒·莱伯恩,杰·埃利斯,悬疑,惊悚,Nan
26394152,海莉·斯坦菲尔德,小豪尔赫·兰登伯格,约翰·塞纳,杰森·德鲁克,帕梅拉·阿德龙,动作,科幻,冒险
27597250,柳承龙,李东辉,李荷妮,陈善圭,申河均,喜剧,动作,犯罪
3878007,杰森·莫玛,艾梅柏·希尔德,威廉·达福,帕特里克·威尔森,妮可·基德曼,动作,奇幻,冒险
19899707,杰伊·巴鲁切尔,亚美莉卡·费雷拉,F·默里·亚伯拉罕,凯特·布兰切特,杰拉德·巴特勒,动画,奇幻,冒险
3168101,汤姆·哈迪,米歇尔·威廉姆斯,里兹·阿迈德,斯科特·黑兹,Nan,动作,科幻,惊悚
27110296,陈建斌,任素汐,潘斌龙,章宇,王砚辉,剧情,喜剧,Nan
1652592,罗莎·萨拉查,克里斯托弗·沃尔兹,基恩·约翰逊,艾德·斯克林,马赫沙拉·阿里,动作,科幻,冒险
30135113,克林特·伊斯特伍德,Patrick,L.,Reyes,Cesar,剧情,悬疑,惊悚
26425063,周润发,郭富城,张静初,冯文娟,廖启智,剧情,动作,悬疑
26816076,王千源,包贝尔,王迅,王砚辉,屈菁菁,动作,犯罪,Nan
26752088,徐峥,王传君,周一围,谭卓,章宇,剧情,喜剧,Nan
26985127,黄渤,舒淇,王宝强,张艺兴,于和伟,剧情,喜剧,Nan
27114416,刘青云,张家辉,林嘉欣,袁咏仪,方中信,剧情,悬疑,犯罪
20438964,约翰·C·赖利,萨拉·西尔弗曼,盖尔·加朵,塔拉吉·P·汉森,杰克·麦克布瑞尔,喜剧,动画,奇幻
26147417,埃迪·雷德梅恩,凯瑟琳·沃特斯顿,约翰尼·德普,裘德·洛,埃兹拉·米勒,奇幻,冒险,Nan
26636712,保罗·路德,伊万杰琳·莉莉,迈克尔·佩纳,汉娜·乔恩-卡门,沃尔顿·戈金斯,动作,科幻,冒险
27605698,沈腾,宋芸桦,张一鸣,张晨光,常远,喜剧,Nan,Nan
6538697,凯文·科斯特纳,伍迪·哈里森,凯西·贝茨,金·迪肯斯,约翰·卡洛·林奇,剧情,悬疑,惊悚
26588308,瑞恩·雷诺兹,乔什·布洛林,朱利安·迪尼森,斯蒂芬·卡皮契奇,莎姬·贝兹,喜剧,动作,科幻
27119586,邱泽,谢盈萱,陈如山,黄圣球,周洺甫,剧情,喜剧,同性
30209818,杰西卡·罗德,伊瑟尔·布罗萨德,露比·莫迪恩,苏拉·沙玛,史蒂夫·齐西斯,悬疑,惊悚,恐怖
26701196,汤姆·希林,塞巴斯蒂安·科赫,葆拉·贝尔,莎斯琪亚·罗森道尔,奥利弗·马苏奇,剧情,Nan,Nan
4864908,邓超,孙俪,郑恺,王千源,王景春,剧情,动作,武侠
27031237,詹姆斯·麦卡沃伊,布鲁斯·威利斯,塞缪尔·杰克逊,安雅·泰勒-乔伊,莎拉·保罗森,悬疑,惊悚,犯罪
30192401,弗莱德里奇·穆克,卡罗利妮·舒赫,大卫·克劳斯,艾丽西娅·冯·里特贝格,托马斯·克莱舒曼,剧情,惊悚,历史
30170448,赞恩·阿尔·拉菲亚,约丹诺斯·希费罗,博鲁瓦蒂夫·特雷杰·班科尔,卡萨尔·艾尔·哈达德,法迪·尤瑟夫,剧情,Nan,Nan
26336252,汤姆·克鲁斯,亨利·卡维尔,文·瑞姆斯,西蒙·佩吉,丽贝卡·弗格森,动作,惊悚,冒险
27193043,艾什莉·贾德,乔纳·豪尔-金,狗狗谢尔比,亚历山德拉·希普,韦斯·斯塔迪,剧情,冒险,Nan
26366496,彭于晏,廖凡,姜文,周韵,许晴,剧情,喜剧,动作
30377703,佟大为,马丽,霍思燕,乔杉,田雨,剧情,喜剧,Nan
26633257,汤唯,黄觉,张艾嘉,李鸿其,陈永忠,剧情,爱情,悬疑
27107140,高杉真宙,Lynn,藤井雪代,内田雄马,福岛润,爱情,动画,Nan
27166442,神谷浩史,井上和彦,高良健吾,小林沙苗,泽城美雪,剧情,动画,奇幻
4058933,Lady,Gaga,布莱德利·库珀,山姆·艾里奥特,安德鲁·戴斯·克雷,剧情,爱情,音乐
30263995,王大陆,林允,陈柏融,蔡思韵,邰智源,喜剧,爱情,Nan
26972258,赵涛,廖凡,徐峥,梁嘉艳,刁亦男,爱情,犯罪,Nan
30306764,郑雨盛,金香起,李圭亨,廉惠兰,张荣男,剧情,惊悚,Nan
24773958,小罗伯特·唐尼,克里斯·海姆斯沃斯,克里斯·埃文斯,马克·鲁弗洛,乔什·布洛林,动作,科幻,奇幻
26925317,李易峰,迈克尔·道格拉斯,周冬雨,曹炳琨,王戈,剧情,动作,冒险
27073234,罗温·艾金森,本·米勒,欧嘉·柯瑞兰寇,杰克·莱西,艾玛·汤普森,喜剧,动作,冒险
26628282,奥利维娅·科尔曼,艾玛·斯通,蕾切尔·薇兹,尼古拉斯·霍尔特,乔·阿尔文,剧情,喜剧,同性
1950330,雅利扎·阿巴里西奥,玛丽娜·德·塔维拉,迭戈·科蒂娜·奥特里,卡洛斯·佩拉尔塔,马科·格拉夫,剧情,家庭,Nan
26683421,黄政民,李星民,赵震雄,朱智勋,Nan,剧情,Nan,Nan
26842702,刘亚仁,史蒂文·元,全钟瑞,金秀京,崔承浩,剧情,悬疑,Nan
27109171,李政宰,朴正民,李在仁,陈善圭,Nan,剧情,悬疑,惊悚
27615233,周迅,秦昊,杜江,张子枫,邓恩熙,剧情,爱情,Nan
26952704,哈利·米尔林,佐伊·卡赞,连姆·尼森,詹姆斯·弗兰科,大卫·克鲁霍尔特兹,喜剧,歌舞,西部
27037053,东出昌大,唐田英里佳,濑户康史,山下莉绪,伊藤沙莉,剧情,爱情,Nan
27197086,金惠秀,刘亚仁,许峻豪,赵宇镇,文森特·卡索,剧情,Nan,Nan
26996640,古天乐,张智霖,郑嘉颖,邓丽欣,栢天男,剧情,动作,犯罪
27065898,成龙,阮经天,钟楚曦,林柏宏,林鹏,喜剧,动作,奇幻
27072795,阿德里亚诺·塔尔迪奥洛,阿涅塞·格拉齐亚尼,卢卡·奇科瓦尼,阿尔巴·罗尔瓦赫尔,塞尔希·洛佩斯,剧情,奇幻,Nan
27602116,山下大辉,三宅健太,志田未来,生濑胜久,冈本信彦,动作,动画,Nan
26920842,克里斯蒂安·贝尔,艾米·亚当斯,史蒂夫·卡瑞尔,山姆·洛克威尔,娜奥米·沃茨,剧情,喜剧,传记
26290410,苏尚卿,王一博,段艺璇,马斑马,慧明,爱情,动画,Nan
26741061,麦肯吉·弗依,摩根·弗里曼,凯拉·奈特莉,马修·麦克费登,海伦·米伦,奇幻,冒险,Nan
26426194,杰森·斯坦森,李冰冰,雷恩·威尔森,鲁比·罗丝,赵文瑄,动作,科幻,惊悚
27102569,赵英博,任敏,辛云来,章若楠,朱丹妮,剧情,爱情,Nan
3927789,本·阿弗莱克,查理·汉纳姆,佩德罗·帕斯卡,奥斯卡·伊萨克,亚德里亚·霍纳,动作,犯罪,冒险
26630714,亚当·桑德勒,凯瑟琳·哈恩,史蒂夫·布西密,赛琳娜·戈麦斯,阿什·布林克夫,喜剧,动画,奇幻
30122633,张子枫,彭昱畅,赵今麦,孙泽源,周翊然,喜剧,奇幻,Nan
27042467,都暻秀,朴慧秀,吴政世,金民浩,朴真珠,剧情,歌舞,战争
26602900,金多美,赵敏修,朴熙顺,崔宇植,高敏诗,动作,悬疑,Nan
27088750,郑真英,朴圣雄,罗美兰,李垂珉,李俊赫,剧情,喜剧,Nan
26369884,马特·狄龙,布鲁诺·甘茨,乌玛·瑟曼,希芳·法隆,苏菲·格拉宝,喜剧,惊悚,犯罪
26786642,吴恬敏,亨利·戈尔丁,杨紫琼,嘉玛·陈,奥卡菲娜,喜剧,爱情,Nan
25882296,赵又廷,冯绍峰,林更新,阮经天,马思纯,动作,悬疑,奇幻
26804147,道恩·强森,内芙·坎贝尔,黄经汉,罗兰·默勒,麦肯纳·罗伯茨,动作,惊悚,冒险
27160618,筱原凉子,广濑铃,板谷由夏,小池荣子,友坂理惠,剧情,喜剧,歌舞
27035334,木村拓哉,二宫和也,吉高由里子,松重丰,大仓孝二,剧情,悬疑,犯罪
27133303,雷佳音,佟丽娅,张衣,于和伟,王正佳,喜剧,爱情,奇幻
27110363,高山南,山口胜平,山崎和佳奈,小山力也,绪方贤一,动画,悬疑,Nan
4221462,海拉·西尔玛,雨果·维文,金吉,罗伯特·席安,莱拉·乔治,动作,科幻,冒险
30414462,菲恩·怀特海德,克雷格·帕金森,爱丽丝·洛维,阿西姆·乔杜里,威尔·保尔特,剧情,科幻,悬疑
30194769,维克托·波尔斯特,阿里耶·沃索尔特,奥利弗·博达特,蒂伊门·戈瓦尔茨,卡特简·达门,剧情,同性,Nan
27074301,凯里·欧文,里尔·莱尔·哈瓦瑞,沙奎尔·奥尼尔,克里斯·韦伯,雷吉·米勒,喜剧,运动,Nan
26994789,肖央,杜鹃,常远,小沈阳,岳云鹏,喜剧,奇幻,Nan
25849049,格雷格·T·尼尔森,霍利·亨特,莎拉·沃威尔,赫克·米尔纳,伊莱·富西尔,喜剧,动作,动画
27003543,河正宇,朱智勋,马东锡,金香起,李政宰,动作,奇幻,Nan
26385514,菲丽希缇·琼斯,艾米·汉莫,贾斯汀·塞洛克斯,萨姆·沃特森,凯西·贝茨,剧情,传记,Nan
26649687,阿萨·巴特菲尔德,麦茜·威廉姆斯,妮娜·杜波夫,佩顿·李斯特,泰勒·霍奇林,剧情,喜剧,冒险
26654269,桑德拉·布洛克,凯特·布兰切特,安妮·海瑟薇,海伦娜·伯翰·卡特,蕾哈娜,喜剧,犯罪,Nan
3026559,瑞恩·高斯林,克莱尔·芙伊,杰森·克拉克,凯尔·钱德勒,寇瑞·斯托尔,剧情,传记,历史
30146756,路知行,阎萌萌,褚珺,边江,山新,动画,奇幻,Nan
1945750,道格拉斯·布斯,机关枪凯利,丹尼尔·韦伯,伊万·瑞恩,约书亚·米克尔,音乐,传记,Nan
3095514,达科塔·约翰逊,蒂尔达·斯文顿,科洛·莫瑞兹,米娅·高斯,杰西卡·哈珀,惊悚,恐怖,Nan
27072988,安娜·肯德里克,布蕾克·莱弗利,亨利·戈尔丁,伊恩·霍,约书亚·萨坦,剧情,悬疑,犯罪
27109879,山田孝之,佐藤健,荒川良良,石桥桂,首くくり栲象,喜剧,Nan,Nan
26611891,艾米莉·布朗特,梅丽尔·斯特里普,科林·费尔斯,朱丽·沃特斯,安吉拉·兰斯伯瑞,歌舞,Nan,Nan
26707088,迈克尔·B·乔丹,西尔维斯特·史泰龙,泰莎·汤普森,杜夫·龙格尔,弗罗里安·穆特鲁,剧情,运动,Nan
27133913,约翰·大卫·华盛顿,亚历克·鲍德温,小伊塞亚·维特洛克,罗伯特·约翰·伯克,布赖恩·塔伦蒂诺,剧情,传记,犯罪
30223840,本尼迪克特·康伯巴奇,李·博德曼,奥利弗·莫尔特曼,马尔科姆·弗里曼,莎拉·贝尔彻,剧情,Nan,Nan
27066184,卢卡斯·赫奇斯,妮可·基德曼,罗素·克劳,玛德琳·克莱因,维克托·麦凯,剧情,同性,传记
27607378,野泽雅子,堀川亮,中尾隆圣,岛田敏,古川登志夫,动画,Nan,Nan
27601006,姜皓文,惠英红,黄河,袁富华,余香凝,剧情,同性,Nan
27199577,小栗旬,菅田将晖,桥本环奈,柳乐优弥,吉泽亮,喜剧,动作,冒险
27597950,尼古拉·雷·卡斯,法瑞斯·法瑞斯,约翰妮·路易斯·施密特,索伦·比尔马克,范妮·博内代尔,悬疑,惊悚,犯罪
26999424,米拉·库尼斯,凯特·麦克金农,贾斯汀·塞洛克斯,萨姆·修汉,薇尔玛·斯泽克斯,喜剧,动作,Nan
27092648,桑德拉·布洛克,崔凡特·罗兹,约翰·马尔科维奇,莎拉·保罗森,杰基·韦佛,剧情,科幻,惊悚
26416062,克里斯·帕拉特,布莱丝·达拉斯·霍华德,贾斯蒂斯·史密斯,伊莎贝拉·瑟蒙,拉菲·斯波,动作,科幻,冒险
30317630,麦肯娜·格瑞丝,卡拉·布欧诺,罗伯·劳,帕蒂·麦克马科,莎拉·杜格代尔,剧情,悬疑,恐怖
26363987,梅丽莎·麦卡西,理查德·E·格兰特,多莉·韦尔斯,本·法尔科内,格里高利·克洛斯蒂舍夫斯基,剧情,喜剧,传记
30334122,凯蒂·道格拉斯,塞莉纳·马丁,莎拉·坎宁,阿玛莉亚·威廉姆森,凯特·维克里,科幻,Nan,Nan
27176742,切瓦特·埃加福特,麦斯威尔·辛巴,莉莉·班达,爱伊莎·玛依卡,诺玛·杜梅温尼,剧情,Nan,Nan
30143523,洛伦佐·法罗,奇诺·达林,丹尼尔·凡尼戈,梅赛黛斯·莫朗,玛莱娜·维拉,剧情,同性,传记
30201003,卢克·普拉尔,斯特林·杰里斯,威尔·帕顿,科比·乔治,卡丁·乔治,悬疑,恐怖,Nan
27150284,马克·沃尔伯格,萝丝·拜恩,伊莎贝拉·莫奈,古斯塔夫·奇洛兹,朱莉安娜·甘米兹,剧情,喜剧,Nan
26683723,井柏然,周冬雨,田壮壮,曲哲明,刘启恒,剧情,爱情,Nan
26711223,史蒂夫·库根,约翰·C·赖利,雪莉·亨德森,妮娜·阿里安达,丹尼·赫斯顿,剧情,喜剧,传记
27617348,孔晓振,金叡园,金圣武,赵福来,李家燮,悬疑,惊悚,Nan
26970964,马修·麦康纳,安妮·海瑟薇,戴安·琳恩,杰森·克拉克,杰曼·翰苏,剧情,科幻,悬疑
25917789,波伊德·霍布鲁克,崔凡特·罗兹,雅各布·特伦布莱,科甘-迈克尔·凯,奥立薇娅·玛恩,动作,科幻,惊悚
27069427,郑伊健,陈小春,谢天华,钱嘉乐,林晓峰,动作,犯罪,Nan
26810318,柯蒂·斯密特-麦菲,恰克,约翰内斯·豪克尔·约翰内森,娜塔莎·迈尔兹,蕾奥娜·维埃拉,剧情,冒险,Nan
27149818,文章,包贝尔,郭京飞,李成敏,辣目洋子,喜剧,动作,Nan
26894602,尤安娜·库里克,托马斯·科特,波利斯·席克,阿伽塔·库莱沙,塞德里克·康,剧情,爱情,音乐
27180599,麦斯·米科尔森,凡妮莎·哈金斯,凯瑟琳·温妮克,罗伯特·梅耶,马特·卢卡斯,动作,Nan,Nan
30300277,亚历山大·佩特罗夫,文森兹·凯弗,维克多·多勃朗拉沃夫,伊琳娜·斯达申鲍姆,谢苗·特列斯库诺夫,动作,历史,战争
23774869,本尼迪克特·康伯巴奇,卡梅伦·丝蕾,拉什达·琼斯,法瑞尔·威廉姆斯,特里斯坦·奥哈尔,喜剧,动画,奇幻
26359235,伊万·麦克格雷格,海莉·阿特维尔,勃朗特·卡迈克尔,马克·加蒂斯,奥利弗·福德·戴维斯,喜剧,动画,冒险
27179199,朱莉娅·罗伯茨,卢卡斯·赫奇斯,考特尼·万斯,凯瑟琳·纽顿,雷切尔·贝·琼斯,剧情,Nan,Nan
30164711,有村架纯,伊藤健太郎,波瑠,林遣都,深水元基,剧情,爱情,奇幻
27062637,种崎敦美,东山奈央,本田望结,藤村鼓乃美,山冈百合,剧情,动画,音乐
26969120,柄本佑,染谷将太,石桥静河,Nan,Nan,剧情,Nan,Nan
26411377,金英光,朴宝英,姜其永,高圭弼,张成范,剧情,爱情,Nan
27604257,平手友梨奈,北川景子,威尔逊·绫香,高岛政伸,Nan,剧情,Nan,Nan
30335059,张伟,张秉君,谭笑,宋祖儿,刘思奇,喜剧,动画,冒险
27064658,拉娜·康多,诺亚·琴蒂内奥,伊瑟尔·布罗萨德,贾娜尔·帕里希,安娜·卡思卡特,爱情,Nan,Nan
26825664,德米安·比齐尔,泰莎·法米加,乔纳斯·布洛凯,邦妮·阿伦斯,维拉·法米加,悬疑,惊悚,恐怖
26425062,古天乐,陈学冬,郭碧婷,包贝尔,王太利,喜剧,奇幻,武侠
26988000,文森特·林顿,梅兰妮·罗弗,雅克·博尔德里,戴维·雷伊,奥利维尔·斯勒梅尔,剧情,Nan,Nan
26759819,杉山纪彰,下屋则子,神谷浩史,川澄绫子,植田佳奈,剧情,动画,奇幻
26796664,张晋,戴夫·巴蒂斯塔,柳岩,杨紫琼,托尼·贾,剧情,动作,Nan
26684528,科林·费尔斯,蕾雅·赛杜,马提亚斯·修奈尔,迈克尔·恩奎斯特,马克斯·冯·叙多夫,剧情,历史,灾难
27087130,琪琪·莱恩,史蒂芬·詹姆士,雷吉娜·金,科尔曼·多明戈,泰娜·帕丽斯,剧情,爱情,犯罪
27191173,小松菜奈,大泉洋,清野菜名,矶村勇斗,叶山奖之,剧情,爱情,Nan
27201353,甄子丹,陈乔恩,喻亢,骆明劼,汤君慈,喜剧,动作,Nan
20425292,裴淳华,詹米·多南,汤姆·霍兰德,斯坦利·图齐,安东尼萨桑·杰苏萨桑,剧情,传记,战争
27055378,韩智敏,金诗雅,李熙俊,权素贤,白秀章,剧情,Nan,Nan
26878883,岛吾·德米尔考,穆拉特·杰姆吉尔,本努·耶勒德热姆拉尔,哈扎尔·埃尔居奇卢,塞尔坎·凯斯金,剧情,Nan,Nan
27109553,妮可·基德曼,托比·凯贝尔,塔提阿娜·玛斯拉尼,塞巴斯蒂安·斯坦,斯科特·麦克纳里,剧情,惊悚,犯罪
26966758,梅尔·吉布森,詹妮弗·卡朋特,文斯·沃恩,劳瑞·侯登,唐·约翰逊,剧情,动作,惊悚
26992553,杰夫·布里吉斯,辛西娅·艾莉佛,达科塔·约翰逊,乔恩·哈姆,克里斯·海姆斯沃斯,剧情,悬疑,惊悚
27039069,杨幂,郭京飞,李鸿其,Nan,Nan,剧情,Nan,Nan
27607255,阿黛拉·哈内尔,皮奥·马麦,奥黛丽·塔图,达米安·勃纳尔,樊尚·埃尔巴兹,剧情,喜剧,犯罪
27042544,菅田将晖,土屋太凤,古川雄辉,山田裕贵,池田依来沙,剧情,喜剧,爱情
27002812,蕾蓓尔·威尔森,利亚姆·海姆斯沃斯,亚当·德维尼,佩丽冉卡·曹帕拉,布兰登·斯科特·琼斯,喜剧,爱情,奇幻
26969115,约翰·艾德坡,怀亚特·罗素,马蒂尔德·奥利维耶,皮鲁·埃斯贝克,约翰·马加罗,动作,科幻,恐怖
30176282,柳海真,尹启相,金弘波,禹贤,金太勋,剧情,历史,Nan
26600786,约翰·C·赖利,杰昆·菲尼克斯,杰克·吉伦哈尔,里兹·阿迈德,卡罗尔·凯恩,犯罪,西部,冒险
30242164,许光汉,姚爱宁,林意箴,Nan,Nan,剧情,爱情,Nan
27040853,孙艺珍,玄彬,金相浩,张荣男,张光,动作,悬疑,犯罪
26944582,查宁·塔图姆,詹姆斯·柯登,赞达亚,勒布朗·詹姆斯,科曼,喜剧,动画,歌舞
27019982,阿米尔·汗,卡特莉娜·卡芙,阿米达普·巴强,劳埃德·欧文,阿明·阿卜杜勒·奎德,喜剧,动作,冒险
24299053,罗伯特·雷德福,茜茜·斯派塞克,卡西·阿弗莱克,丹尼·格洛弗,汤姆·威兹,剧情,喜剧,犯罪
27045615,上白石萌歌,黑木华,星野源,麻生久美子,吉原光夫,动画,奇幻,Nan
30181130,容中尔甲,尼玛颂宋,赛却加,Nan,Nan,剧情,家庭,Nan
30334399,曾美慧孜,陈湛文,陈万雷,麦强,邓月平,剧情,Nan,Nan
27180356,柳海真,赵震雄,李瑞镇,廉晶雅,金智秀,剧情,喜剧,Nan
6538807,杰拉德·巴特勒,托比·斯蒂芬斯,加里·奥德曼,科曼,琳达·卡德里尼,动作,战争,Nan
10759740,杰克·布莱克,凯特·布兰切特,欧文·瓦卡罗,凯尔·麦克拉克伦,芮妮·戈兹贝里,喜剧,惊悚,奇幻
30194752,埃娃·梅兰德,埃罗·米洛诺夫,约根·托尔松,安·彼得伦,斯坦·伦格伦,剧情,惊悚,奇幻
11639146,西尔莎·罗南,玛格特·罗比,杰克·劳登,乔·阿尔文,大卫·田纳特,剧情,传记,历史
30412189,平田雄也,小池亮介,其原有沙,真锅薰,山崎银之丞,喜剧,动作,科幻
3059389,史蒂夫·卡瑞尔,蒂莫西·柴勒梅德,毛拉·蒂尔内,克里斯蒂安·康佛瑞,凯特琳·德弗,剧情,Nan,Nan
30158971,北香那,苍井优,钉宫理惠,潘惠美,福井美树,动画,Nan,Nan
30299345,马特·瑞安,达米恩·奥哈尔,劳拉·贝莉,艾米丽·奥布莱恩,罗宾·阿特金·唐斯,动画,恐怖,奇幻
26430636,道恩·强森,娜奥米·哈里斯,杰弗里·迪恩·摩根,玛琳·阿克曼,杰克·莱西,动作,科幻,冒险
30290776,石承镐,何紫妍,南苗,Nan,Nan,爱情,奇幻,Nan
30162520,刘太旿,伊琳娜·斯达申鲍姆,罗曼·比利克,菲利普·阿杰耶夫,亚历山大·戈尔奇林,音乐,传记,Nan
27604296,吴镇宇,古天乐,袁咏仪,张达明,吴肇轩,喜剧,家庭,Nan
26219713,基努·里维斯,爱丽丝·伊芙,艾米丽·阿琳·林德,托马斯·米德蒂奇,恩杰伊·安东尼,科幻,悬疑,犯罪
3148663,威尔·法瑞尔,约翰·C·赖利,丽贝卡·豪尔,拉尔夫·费因斯,休·劳瑞,喜剧,悬疑,犯罪
4017146,杰米·李·柯蒂斯,朱迪·格雷尔,安迪·马蒂切克,詹姆斯·裘德·柯特尼,尼克·卡斯特尔,惊悚,恐怖,Nan
30156898,坂泰斗,寿美菜子,白石晴香,安元洋贵,大冢刚央,动画,Nan,Nan
27050259,莉莉·詹姆斯,阿曼达·塞弗里德,朱丽·沃特斯,克里斯汀·芭伦斯基,皮尔斯·布鲁斯南,喜剧,爱情,歌舞
26356631,丹泽尔·华盛顿,佩德罗·帕斯卡,艾什顿·桑德斯,奥森·比恩,比尔·普尔曼,动作,惊悚,犯罪
30154537,索菲亚·波多拉,Romain,Guillermic,Souheila,Yacoub,剧情,惊悚,歌舞
26268602,维奥拉·戴维斯,连姆·尼森,乔·博恩瑟,曼努埃尔·加西亚-鲁尔福,科布恩·格罗斯,剧情,惊悚,犯罪
27027799,路易斯·阿什伯恩·瑟金斯,丹妮斯·高夫,迪安·肖穆,汤姆·泰勒,雷亚安娜·杜瑞斯,奇幻,冒险,Nan
30183666,阿米达普·巴强,里希·卡普尔,吉米特·特里韦迪,达尔曼德拉·吉尔,Nan,剧情,喜剧,Nan
3179698,艾梅柏·希尔德,嘉玛·陈,卡拉·迪瓦伊,杰米·亚历山大,詹森·艾萨克,悬疑,惊悚,犯罪
26627736,本尼西奥·德尔·托罗,乔什·布洛林,伊莎贝拉·莫奈,凯瑟琳·基纳,杰弗里·多诺万,剧情,动作,犯罪
26774033,徐峥,王丽坤,王砚辉,段博文,任达华,剧情,悬疑,犯罪
30293828,赵立新,凌潇肃,王嘉,董琦,马梦唯,剧情,Nan,Nan
27082461,中条彩未,佐野勇斗,清水寻也,恒松祐里,上白石萌歌,喜剧,Nan,Nan
27087787,河正宇,李善均,詹妮弗·艾莉,凯文·杜兰,马利克·约巴,剧情,动作,惊悚
26992383,王千源,袁姗姗,刘桦,周游,周云鹏,喜剧,动作,犯罪
27139732,阿曼德拉·斯坦伯格,雷吉娜·赫尔,罗素·霍恩斯比,安东尼·麦凯,Nan,剧情,犯罪,Nan
26887153,王学兵,刘丹,曾美慧孜,易平,易大千,剧情,Nan,Nan
30218116,吉田羊,佐野玲於,村上虹郎,佐藤魁,栗原类,剧情,Nan,Nan
26992114,役所广司,松坂桃李,真木阳子,泷藤贤一,田口智朗,剧情,犯罪,Nan
26945122,宋康昊,曹政奭,裴斗娜,李星民,金大明,剧情,动作,犯罪
30206431,杨太义,李云虎,万众,聂栋才,Nan,剧情,家庭,儿童
27184199,安德斯·丹尼尔森·李,乔纳斯·斯特兰德·格利,乔恩·奥伊登,玛丽亚·波克,托尔比约恩·哈尔,剧情,历史,犯罪
27187912,孔晓振,柳俊烈,曹政奭,廉晶雅,全慧珍,动作,Nan,Nan
27615564,弗兰克·盖思堂彼得,马利克·班泽拉,伯纳尔·法西,塞尔维托·埃斯波西多,萨巴纳·奥扎尼,喜剧,动作,犯罪
30168032,董畅,伊丽莎维塔·科诺诺娃,维塔利·哈耶夫,格兰特·吐火添,谢尔盖·奇尔科夫,喜剧,爱情,Nan
30148183,吴世勋,姜美娜,李济延,金熙镇,姜多贤,动作,Nan,Nan
30143861,比蒂·埃德蒙森,艾德·斯克林,米兰卡·布鲁克斯,杰玛·琼斯,切瑞·朗吉,喜剧,家庭,Nan
30322398,Abhimanyu,Dasani,Radhika,Madan,Nan,喜剧,动作,Nan
26937563,山姆·克拉弗林,谢琳·伍德蕾,杰弗瑞·托马斯,伊丽莎白·霍桑,格蕾丝·帕尔默,爱情,灾难,Nan
27621494,郑人硕,徐若瑄,吴至璿,张书伟,龙劭华,恐怖,Nan,Nan
27021609,艾米·舒默,米歇尔·威廉姆斯,汤姆·霍珀,罗里·斯卡沃,阿德里安·马丁斯,喜剧,Nan,Nan
30156266,陈张太康,佟心竹,李兰陵,沈念如,阎么么,爱情,动画,Nan
27017673,马尔切洛·丰特,爱德华多·佩谢,农齐娅·斯基亚诺,亚当·迪奥尼西,弗朗西斯科·阿克夸利,剧情,惊悚,犯罪
30423524,维杰·卡沙尔,亚米·高塔姆,基尔蒂·库哈里,Nan,Nan,剧情,动作,战争
26762269,桑尼·苏尔季克,凯瑟琳·沃特斯顿,卢卡斯·赫奇斯,纳-凯尔·史密斯,奥伦·普雷纳特,剧情,喜剧,Nan
26348846,塔伦·埃格顿,杰米·福克斯,本·门德尔森,伊芙·休森,詹米·多南,动作,冒险,Nan
27135946,杰克·吉伦哈尔,蕾妮·罗素,托妮·科莱特,约翰·马尔科维奇,扎威·阿什顿,剧情,悬疑,惊悚
26958485,吴镇宇,潘灿良,黄德斌,胡子彤,胡定欣,剧情,Nan,Nan
30181789,马东锡,宋智孝,金圣武,金敏载,朴智焕,动作,犯罪,Nan
27149755,马修·阿马立克,伯努瓦·波尔沃德,吉约姆·卡内,玛琳娜·佛伊丝,菲烈·卡特林,剧情,喜剧,Nan
30387441,葛布,刘浩,王初伊,黄垲翔,Nan,剧情,悬疑,奇幻
30197496,费利克斯·马利陶德,埃里克·伯纳德,尼古拉斯·迪布拉,菲利普·奥雷尔,Nan,剧情,情色,同性
26786317,安德鲁·加菲尔德,狄波拉·盖夫娜,丽莉·克亚芙,瑞琪·琳德赫姆,克里斯·加恩,剧情,喜剧,惊悚
25900947,阿尔登·埃伦瑞奇,艾米莉亚·克拉克,伍迪·哈里森,唐纳德·格洛弗,保罗·贝坦尼,动作,科幻,冒险
26936272,木梨宪武,佐藤健,本乡奏多,二阶堂富美,三吉彩花,动作,科幻,Nan
26607969,王学兵,朱耕佑,马伊琍,王旭峰,岳小军,剧情,犯罪,Nan
27156537,安杰洛·穆蒂·斯皮內塔,劳塔罗‧罗德里格斯,吉列尔莫·普宁,玛丽安娜·安希列里,本尼西奥·穆蒂·斯皮内塔,剧情,同性,Nan
27012900,柯宾·伯恩森,Yuliya,Zelenskaya,克里斯蒂娜·碧曼诺娃,Oksana,惊悚,恐怖,Nan
27113810,金允石,朱智勋,陈善圭,郑钟俊,许真,剧情,惊悚,犯罪
26437223,马克·沃尔伯格,劳伦·科汉,伊科·乌艾斯,约翰·马尔科维奇,龙达·鲁西,动作,犯罪,冒险
4844731,福士苍汰,杉咲花,吉泽亮,真野惠里菜,小柳友,动作,奇幻,冒险
27098363,克里斯蒂安·史莱特,凡妮莎·威廉斯,比利·布朗,克里斯汀·鲍尔,吉迪恩·埃默里,动作,动画,Nan
27091624,马东锡,金赛纶,李相烨,陈善圭,张光,动作,悬疑,Nan
27063403,小岩井小鸟,村川梨衣,佐仓绫音,阿澄佳奈,名塚佳织,喜剧,动画,Nan
30406190,西蒙·罗伊尔,马林·拉菲特,奥里安·巴巴扎,艾瑞斯·加斯特勒,安布尔·兰博德,剧情,同性,Nan
26908287,奥利维亚·库克,奥斯卡·伊萨克,奥利维亚·王尔德,塞缪尔·杰克逊,安东尼奥·班德拉斯,剧情,爱情,Nan
27168151,朴海日,秀爱,尹宰文,罗美兰,金奎善,剧情,情色,Nan
30195228,樊尚·埃尔巴兹,玛丽-索菲·费尔达纳,皮埃尔·贝内齐,穆恩·戴莉,布朗什·加丁,喜剧,Nan,Nan
30286112,费利克斯·马利陶德,尼古拉斯·鲍文斯,汤米·李·巴克,奥雷·阿蒂卡,玛丽·德纳尔诺,剧情,爱情,同性
27601070,马里奥·卡萨斯,理查德·范·韦登,阿兰·埃尔南德斯,阿德里亚·萨拉查,爱德华·布赫,传记,历史,战争
26779571,萨梅尔·叶斯利亚莫娃,Zhipargul,Abdilaeva,David,Alaverdyan,剧情,Nan,Nan
26852903,娜塔莉·波特曼,裘德·洛,拉菲·卡西迪,斯塔西·马汀,威廉·达福,剧情,音乐,Nan
3212397,莉莉·詹姆斯,米契尔·哈思曼,格伦·鲍威尔,马修·古迪,杰西卡·布朗·芬德利,剧情,爱情,历史
26975011,玄彬,赵宇镇,张东健,金义城,李善彬,动作,恐怖,Nan
30188247,安东尼奥·德·拉·托雷,奇诺·达林,阿方索·托特,凯撒·特龙科索,索蕾达·维拉米尔,剧情,历史,犯罪
27045854,阿萨·巴特菲尔德,芬恩·科尔,赫敏·科菲尔德,麦克·辛,西蒙·佩吉,喜剧,动作,恐怖
10546771,詹妮弗·洛佩兹,凡妮莎·哈金斯,丽亚·雷米尼,特里特·威廉斯,米洛·文堤米利亚,喜剧,爱情,Nan
27029495,克里斯·派恩,斯蒂芬·迪兰,亚伦·泰勒-约翰逊,丽贝卡·罗宾,比利·豪尔,剧情,动作,传记
27621184,竹内凉真,滨边美波,佐藤大树,川荣李奈,新川优爱,喜剧,爱情,Nan
27102557,哈多拉·吉尔哈罗多蒂,约翰·西格罗森,胡安·卡米洛·罗曼·埃斯特拉达,乔伦德尔·拉格纳松,苏威·阿纳斯多特,剧情,喜剧,Nan
27050878,威廉·达福,鲁伯特·弗兰德,奥斯卡·伊萨克,麦斯·米科尔森,马修·阿马立克,剧情,传记,Nan
30192287,桑尼·苏瓦美塔农,尤拉萨雅·斯帕邦德,尼查坤·抔勒威查固,安楚义昂·布阿嘎育,婵査勒姆·曼纳萨朋,喜剧,爱情,Nan
30283526,索姆·沙,田蒂·马舍,安妮塔·戴特,朗吉·查克拉博蒂,迪普克·达姆利,剧情,惊悚,奇幻
30282596,玛丽亚·贝罗,凯尔·麦克拉克伦,泰勒·辛克森,彼德·奥德博拉治,达伦·曼恩,剧情,同性,Nan
25864719,乔·塔斯利姆,伊科·乌艾斯,朱莉·埃斯特尔,冯推守,扎克·李,动作,Nan,Nan
27038235,詹妮弗·加纳,小约翰·加拉赫,约翰·奥提兹,胡安·巴勃罗·拉瓦,安妮·伊隆泽,剧情,动作,惊悚
27098365,杰瑞·奥康奈尔,丽贝卡·罗梅恩,雷恩·威尔森,帕特里克·法比安,查尔斯·哈尔福德,动作,科幻,动画
27165968,尼古拉斯·凯奇,克里斯汀·贝尔,威尔·阿奈特,塔拉·斯特朗,詹姆斯·柯登,喜剧,动作,动画
27019570,阿萨·巴特菲尔德,苏菲·特纳,斯凯勒·吉桑多,奥布雷·雷诺兹,约瑟夫·朴,喜剧,爱情,科幻
27098364,杰瑞·奥康奈尔,丽贝卡·罗梅恩,雷恩·威尔森,罗莎里奥·道森,内森·菲利安,动作,科幻,动画
27191829,山田孝之,长泽雅美,室毅,胜矢,太贺,喜剧,爱情,Nan
26989735,长濑智也,藤冈靛,高桥一生,深田恭子,岸部一德,剧情,悬疑,Nan
27155457,李星民,金相浩,陈庆,郭时旸,朴春,悬疑,惊悚,Nan
27069377,王真儿,吕聿来,耿乐,张瑶,王彩平,剧情,悬疑,Nan
26830774,让-吕克·戈达尔,Nan,Nan,Nan,Nan,剧情,Nan,Nan
30209020,夏于乔,邹承恩,陈博正,Nan,Nan,剧情,惊悚,恐怖
26683287,凡妮莎·帕拉迪丝,凯特·莫兰,尼古拉斯·莫瑞,乔纳森·日奈,哈立德·俄卢阿什,剧情,惊悚,同性
26825688,李诗英,朴世婉,崔镇浩,李俊赫,李亨哲,动作,Nan,Nan
26601224,哈维尔·巴登,佩内洛普·克鲁兹,里卡多·达林,巴巴拉·莱涅,埃尔薇拉·明戈斯,剧情,悬疑,Nan
26658194,克莱尔·芙伊,斯瓦利尔·古德纳松,西尔维娅·侯克斯,勒凯斯·斯坦菲尔德,斯戴芬·莫昌特,剧情,惊悚,犯罪
30295908,朱亚文,刘芸,归亚蕾,方青卓,李大光,动画,歌舞,家庭
27025631,朴海日,文素丽,郑镇荣,朴素丹,Nan,剧情,爱情,历史
26942853,英迪娅·埃斯利,詹森·艾萨克,佩内洛普·米契尔,米拉·索维诺,Nan,惊悚,Nan,Nan
30189817,纪柱峰,金敏喜,宋宣美,权海虓,刘俊相,剧情,Nan,Nan
27160683,山寺宏一,高木涉,加隈亚衣,钉宫理惠,田中敦子,动作,动画,Nan
26905717,伊兰·诺尔,莱克斯·斯科特·戴维斯,乔瓦恩·韦德,马加,帕奇·德拉奇,科幻,惊悚,犯罪
26979347,兰比尔·卡普尔,帕莱什·拉瓦尔,玛尼沙·柯伊拉拉,维杰·卡沙尔,安努舒卡·莎玛,剧情,传记,Nan
26908051,丹·史蒂文斯,麦克·辛,露西·宝通,比尔·米尔纳,理查德·艾尔芬,悬疑,惊悚,恐怖
27013111,杰瑞米·雷纳,乔恩·哈姆,艾德·赫尔姆斯,安娜贝拉·沃丽丝,艾拉·菲舍尔,喜剧,Nan,Nan
26969244,乔伊·金,乔尔·考特尼,莫尔纳·维瑟,莫利·林沃德,Nathan,喜剧,爱情,Nan
26935281,黄璐,李淳,龚子涵,Nan,Nan,剧情,Nan,Nan
27203619,林昕宜,李立北,来喜,白凯南,黑妹,剧情,喜剧,Nan
27127793,克里斯托弗·埃克莱斯顿,阿奈林·巴纳德,弗雷娅·梅弗,汤姆·威尔金森,格辛·安东尼,剧情,喜剧,动作
26730542,蔡凡熙,项婕如,谢金燕,刘奕儿,张墨锡,喜剧,爱情,Nan
25850442,本尼迪克特·康伯巴奇,克里斯蒂安·贝尔,凯特·布兰切特,安迪·瑟金斯,娜奥米·哈里斯,剧情,冒险,Nan
30355903,艾伦·里奇,凯伦·汉森,亚力克·塞克雷亚努,汤姆·格林-卡尼,图尔洛夫·科维里,剧情,犯罪,Nan
25727544,韩庚,杰瑞米·埃尔卡伊姆,菅纫姿,阿丽斯·德·朗克桑,海伦·文森特,剧情,爱情,Nan
26998315,露西·海尔,泰勒·珀西,维奥莱特·比恩,司徒颂曦,索菲娅·阿里,惊悚,恐怖,Nan
30283308,周子龙,Nan,Nan,Nan,Nan,喜剧,Nan,Nan
26691361,郭京飞,迪丽热巴,大鹏,包贝尔,刘芮麟,喜剧,爱情,Nan
27195080,吴镇宇,张智霖,佘诗曼,周秀娜,郑则仕,剧情,犯罪,Nan
26934399,赵震雄,柳俊烈,金柱赫,金成铃,朴海俊,动作,犯罪,Nan
3274508,亚当·德赖弗,欧嘉·柯瑞兰寇,乔纳森·普雷斯,斯特兰·斯卡斯加德,奥斯卡·贾恩那达,剧情,喜剧,奇幻
27097816,韩朴俊,朱颜曼滋,李心敏,何索,韩秋池,剧情,悬疑,犯罪
27197468,莎娜·凯斯雷克,詹姆士·奎因·马奇,西蒙妮·柯比,史蒂夫·沃尔,欧文·马肯,恐怖,Nan,Nan
26722224,克里夫·欧文,阿曼达·塞弗里德,科鲁姆·费奥瑞,索尼亚·瓦格尔,马克·奥布莱恩,科幻,惊悚,Nan
26924141,张家辉,徐静蕾,何炅,余男,苗侨伟,剧情,动作,悬疑
27121032,金喜爱,金海淑,艺秀晶,文淑,李龙女,剧情,Nan,Nan
30411657,迪恩·安德鲁斯,露丝·布莱德利,碧碧·凯芙,阿米莉亚·戴尔,理查德·道布尔迪,悬疑,犯罪,Nan
30466832,孙嘉灵,李九霄,张超,李婷婷,陈博豪,爱情,Nan,Nan
26389835,伊丽莎白·莫斯,西尔莎·罗南,安妮特·贝宁,寇瑞·斯托尔,布莱恩·丹内利,剧情,Nan,Nan
27037052,真木阳子,井上真央,樱庭奈奈美,大泉洋,大谷亮平,剧情,家庭,Nan
27002092,朱莉娅·奥蒙德,安格瑞·赖斯,瑞切尔·泰勒,瑞安·柯尔,文森特·佩雷斯,剧情,喜剧,Nan
26999591,高桥未奈美,佐仓绫音,木户衣吹,Nan,Nan,动画,Nan,Nan
26931155,林柏宏,石安妮,王芊,何明翰,苑琼丹,剧情,爱情,Nan
30174107,贝纳兹·贾法里,贾法·帕纳西,Nan,Nan,Nan,剧情,Nan,Nan
26661189,董子健,钟楚曦,春夏,袁福福,靳锦,喜剧,爱情,Nan
27145025,松本梨香,大谷育江,林原惠美,三木真一郎,犬山犬子,动画,奇幻,冒险
27202825,丹尼拉·科兹洛夫斯基,伊琳娜·戈尔巴乔娃,安德烈·斯莫利亚科夫,奥莉亚·祖耶娃,弗拉基米尔·伊利因,剧情,运动,Nan
27107625,福山润,樱井孝宏,野上尤加奈,小清水亚美,名塚佳织,动作,科幻,动画
27611038,泽尻英龙华,吉泽亮,峯田和伸,岩松了,Nan,剧情,Nan,Nan
30228425,玛德琳·布鲁尔,帕奇·德拉奇,梅洛拉·沃尔特斯,戴文·德鲁伊,伊马尼·哈基姆,悬疑,惊悚,恐怖
27126350,宫野真守,樱井孝宏,花泽香菜,杉田智和,梶裕贵,动作,科幻,动画
26411377,金英光,朴宝英,姜其永,高圭弼,张成范,剧情,爱情,Nan
30267308,徐康俊,李絮,杨东根,李允芝,闵宇赫,剧情,爱情,Nan
30181455,朴叙俊,朴敏英,李泰焕,姜其永,黄灿盛,喜剧,爱情,Nan
26776469,张嘉译,王晓晨,王维维,曹璐,张子健,剧情,爱情,Nan
1292271,安妮·班克罗夫特,达斯汀·霍夫曼,凯瑟琳·罗斯,威廉·丹尼尔斯,莫瑞·汉密尔顿,剧情,喜剧,爱情
6973376,杨子姗,赵又廷,韩庚,江疏影,刘雅瑟,剧情,爱情,Nan
11502153,海莉·阿特维尔,多姆纳尔·格里森,塔彭丝·米德尔顿,勒诺拉·克里奇洛,丹尼尔·里格比,剧情,科幻,惊悚
3771562,劳米·拉佩斯,迈克尔·法斯宾德,查理兹·塞隆,伊德里斯·艾尔巴,盖·皮尔斯,科幻,惊悚,冒险
3319755,玛德琳·卡罗尔,卡兰·麦克奥利菲,瑞贝卡·德·莫妮,安东尼·爱德华兹,约翰·马奥尼,剧情,喜剧,爱情
1297052,本名阳子,小林桂树,高山南,高桥一生,山下容莉枝,剧情,爱情,动画
1304056,罗密·施奈德,卡尔海因茨·伯姆,玛格达·施奈德,乌塔·弗朗茨,古斯塔夫·克努特,剧情,喜剧,爱情
4202302,志田未来,神木隆之介,树木希林,三浦友和,大竹忍,动画,奇幻,冒险
27166442,神谷浩史,井上和彦,高良健吾,小林沙苗,泽城美雪,剧情,动画,奇幻
27060077,维果·莫腾森,马赫沙拉·阿里,琳达·卡德里尼,塞巴斯蒂安·马尼斯科,迪米特·D·马里诺夫,剧情,喜剧,传记
3562674,中村雅俊,原田美枝子,井上順,戸田恵子,イッセー尾形,剧情,Nan,Nan
27133303,雷佳音,佟丽娅,张衣,于和伟,王正佳,喜剧,爱情,奇幻
2353023,杰伊·巴鲁切尔,杰拉德·巴特勒,克雷格·费格森,亚美莉卡·费雷拉,乔纳·希尔,动画,奇幻,冒险
1291546,张国荣,张丰毅,巩俐,葛优,英达,剧情,爱情,同性
25861610,Nan,Nan,Nan,Nan,Nan,动画,Nan,Nan
26999861,何炅,撒贝宁,吴映洁,白敬亭,吴磊,真人秀,Nan,Nan
26979097,Nan,Nan,Nan,Nan,Nan,Nan,Nan,Nan
26428635,张国立,张涵予,黄小蕾,宋小宝,于小彤,真人秀,Nan,Nan
26609488,王祖蓝,邹市明,沈腾,曾志伟,郭晋安,真人秀,Nan,Nan
30241701,郑业成,安悦溪,徐嘉苇,徐沐婵,卢峰,喜剧,科幻,古装
2249496,张韶涵,吴尊,顾宝明,辰亦儒,胡宇威,喜剧,爱情,Nan
27615866,侯明昊,万鹏,张耀,代露娃,李明德,剧情,爱情,Nan
30352908,辣目洋子,刘背实,嗯呐朱莉,是个郝仁,暴走萝莉尧洋,喜剧,短片,Nan
2244426,扎克瑞·莱维,马克·斯特朗,亚瑟·安其,杰克·迪伦·格雷泽,杰曼·翰苏,动作,奇幻,冒险
2998270,小罗伯特·唐尼,裘德·洛,瑞秋·麦克亚当斯,马克·斯特朗,凯利·蕾莉,动作,悬疑,惊悚
26213252,布丽·拉尔森,裘德·洛,塞缪尔·杰克逊,本·门德尔森,安妮特·贝宁,动作,科幻,冒险
19899707,杰伊·巴鲁切尔,亚美莉卡·费雷拉,F·默里·亚伯拉罕,凯特·布兰切特,杰拉德·巴特勒,动画,奇幻,冒险
1950330,雅利扎·阿巴里西奥,玛丽娜·德·塔维拉,迭戈·科蒂娜·奥特里,卡洛斯·佩拉尔塔,马科·格拉夫,剧情,家庭,Nan
26813221,瑞秋·布罗斯纳安,艾利克斯·布诺斯町,玛琳·辛科,托尼·夏尔赫布,迈克尔·泽根,剧情,喜剧,Nan
1889243,马修·麦康纳,安妮·海瑟薇,杰西卡·查斯坦,卡西·阿弗莱克,迈克尔·凯恩,剧情,科幻,冒险
26640371,布莱恩·科兰斯顿,爱德华·诺顿,科宇·兰金,列维·施瑞博尔,比尔·默瑞,喜剧,动画,冒险
26425062,古天乐,陈学冬,郭碧婷,包贝尔,王太利,喜剧,奇幻,武侠
24773958,小罗伯特·唐尼,克里斯·海姆斯沃斯,克里斯·埃文斯,马克·鲁弗洛,乔什·布洛林,动作,科幻,奇幻
2210031,胡歌,刘亦菲,安以轩,刘品言,彭于晏,爱情,奇幻,武侠
3606971,连姆·尼森,玛姬·格蕾斯,法米克·詹森,拉德·舍博德兹加,卢克·葛莱姆斯,剧情,动作,犯罪
1296717,哈里森·福特,凯伦·阿兰,保罗·弗里曼,约翰·瑞斯-戴维斯,Nan,动作,冒险,Nan
1947549,马克·沃尔伯格,凯特·玛拉,迈克尔·佩纳,丹尼·格洛弗,伊莱亚斯·科泰斯,动作,悬疑,惊悚
25790761,肯尼思·布拉纳,佩内洛普·克鲁兹,威廉·达福,朱迪·丹奇,约翰尼·德普,剧情,悬疑,犯罪
6390823,克里斯·埃文斯,斯嘉丽·约翰逊,塞巴斯蒂安·斯坦,安东尼·麦凯,海莉·阿特维尔,动作,科幻,冒险
26796664,张晋,戴夫·巴蒂斯塔,柳岩,杨紫琼,托尼·贾,剧情,动作,犯罪
26394152,海莉·斯坦菲尔德,小豪尔赫·兰登伯格,约翰·塞纳,杰森·德鲁克,帕梅拉·阿德龙,动作,科幻,冒险
2138838,克里斯·埃文斯,海莉·阿特维尔,塞巴斯蒂安·斯坦,汤米·李·琼斯,雨果·维文,动作,科幻,冒险
30158971,北香那,苍井优,钉宫理惠,潘惠美,福井美树,动画,Nan,Nan
27202819,古天乐,郑嘉颖,林峯,林家栋,周秀娜,动作,犯罪,Nan
27663742,于谦,汤梦佳,王广源,秦鸣悦,徐子力,剧情,Nan,Nan
27145404,山下智久,新垣结衣,户田惠梨香,比嘉爱未,浅利阳介,剧情,Nan,Nan
26751899,妻夫木聪,满岛光,小出惠介,臼田麻美,市川由衣,剧情,悬疑,犯罪
26303622,克里斯蒂安·贝尔,史蒂夫·卡瑞尔,瑞恩·高斯林,布拉德·皮特,梅丽莎·里奥,剧情,传记,Nan
25924056,伊娃·格林,科林·法瑞尔,迈克尔·基顿,妮可·帕克,芬利·霍宾斯,奇幻,冒险,Nan
30164711,有村架纯,伊藤健太郎,波瑠,林遣都,深水元基,剧情,爱情,奇幻
27042544,菅田将晖,土屋太凤,古川雄辉,山田裕贵,池田依来沙,剧情,喜剧,爱情
27201353,甄子丹,陈乔恩,喻亢,骆明劼,汤君慈,喜剧,动作,Nan
20425292,裴淳华,詹米·多南,汤姆·霍兰德,斯坦利·图齐,安东尼萨桑·杰苏萨桑,剧情,传记,战争
26284621,刘烨,张译,段博文,王子文,谭卓,剧情,喜剧,犯罪
25728010,黄政民,刘亚仁,柳海真,吴达洙,郑满植,剧情,动作,Nan
25798448,刘德华,刘烨,吴若甫,王千源,林雪,剧情,犯罪,Nan
26311973,王宝强,刘昊然,佟丽娅,陈赫,肖央,喜剧,动作,悬疑
5194471,邓超,孙俪,闫妮,郑爽,柳岩,剧情,动作,爱情
10604892,邓超,刘亦菲,邹兆龙,郑中基,黄秋生,动作,悬疑,奇幻
10604486,文章,李连杰,刘诗诗,陈妍希,柳岩,喜剧,动作,犯罪
6796158,周润发,刘亦菲,苏有朋,玉木宏,伊能静,剧情,古装,Nan
26701196,汤姆·希林,塞巴斯蒂安·科赫,葆拉·贝尔,莎斯琪亚·罗森道尔,奥利弗·马苏奇,剧情,Nan,Nan
26920842,克里斯蒂安·贝尔,艾米·亚当斯,史蒂夫·卡瑞尔,山姆·洛克威尔,娜奥米·沃茨,剧情,喜剧,传记
26952576,张震,青柳翔,姚以缇,白润音,有福正志,剧情,Nan,Nan
30164448,阿德里亚娜·乌加特,奇诺·达林,阿尔瓦罗·莫奇,诺拉·纳瓦斯,哈维尔·古铁雷斯,科幻,悬疑,惊悚
30135113,克林特·伊斯特伍德,Patrick,L.,Reyes,Cesar,剧情,悬疑,惊悚
27601006,姜皓文,惠英红,黄河,袁富华,余香凝,剧情,同性,Nan
5300054,拉米·马雷克,本·哈迪,约瑟夫·梅泽罗,格威利姆·李,艾伦·里奇,剧情,音乐,传记
27191431,黄尧,孙阳,汤加文,倪虹洁,江美仪,剧情,Nan,Nan
30377703,佟大为,马丽,霍思燕,乔杉,田雨,剧情,喜剧,Nan
27185558,俞飞鸿,大泽隆夫,木下彩音,卢洋洋,前田公辉,爱情,Nan,Nan
26728669,井柏然,宋佳,马思纯,秦昊,陈妍希,剧情,悬疑,犯罪
3620923,Nan,Nan,Nan,Nan,Nan,纪录片,Nan,Nan
3571540,李野墨,Nan,Nan,Nan,Nan,纪录片,Nan,Nan
27062853,Nan,Nan,Nan,Nan,Nan,纪录片,Nan,Nan
25823280,陈星旭,彭小苒,魏千翔,斯琴高娃,罗嘉良,爱情,古装,Nan
25881247,艾米莉·布朗特,本尼西奥·德尔·托罗,乔什·布洛林,维克多·加博,乔·博恩瑟,剧情,惊悚,犯罪
2361386,艾莉森·洛曼,贾斯汀·朗,罗娜·雷弗,迪利普·劳,大卫·佩默,恐怖,Nan,Nan
26718828,乔什·布洛林,迈尔斯·特勒,杰夫·布里吉斯,詹妮弗·康纳利,詹姆斯·戴尔,剧情,传记,灾难
3017691,克里斯蒂安·贝尔,佐伊·索尔达娜,伍迪·哈里森,威廉·达福,福里斯特·惠特克,剧情,惊悚,犯罪
3819877,瑞恩·雷诺兹,何塞·路易斯·加西亚·佩雷斯,罗伯特·帕特森,Nan,Nan,剧情,悬疑,惊悚
26810318,柯蒂·斯密特-麦菲,恰克,约翰内斯·豪克尔·约翰内森,娜塔莎·迈尔兹,蕾奥娜·维埃拉,剧情,冒险,Nan
25775571,弗兰克·格里罗,卡门·艾乔戈,扎克·吉尔福德,基拉·桑切斯,贾斯蒂娜·马查多,科幻,惊悚,犯罪
10453723,伊桑·霍克,琳娜·海蒂,艾德文·霍德吉,马克斯·博克霍德,阿黛莱德·凯恩,科幻,惊悚,犯罪
26384493,丹尼尔·奥特伊,塞巴斯蒂安·科赫,玛丽-乔西·克罗兹,克里斯特尔·科尼尔,利拉-萝丝·吉尔贝蒂,剧情,传记,Nan
26602900,金多美,赵敏修,朴熙顺,崔宇植,高敏诗,动作,悬疑,Nan
20644938,托马斯·米德蒂奇,T·J·米勒,乔什·布雷纳,马丁·斯塔尔,库梅尔·南贾尼,喜剧,Nan,Nan
26992383,王千源,袁姗姗,刘桦,周游,周云鹏,喜剧,动作,犯罪
27597250,柳承龙,李东辉,李荷妮,陈善圭,申河均,喜剧,动作,犯罪
26970964,马修·麦康纳,安妮·海瑟薇,戴安·琳恩,杰森·克拉克,杰曼·翰苏,剧情,科幻,悬疑
26816076,王千源,包贝尔,王迅,王砚辉,屈菁菁,动作,犯罪,Nan
27006232,马赫沙拉·阿里,卡门·艾乔戈,斯蒂芬·多尔夫,斯科特·麦克纳里,麦米·古默,剧情,悬疑,犯罪
1945780,丹尼尔·戴-刘易斯,保罗·达诺,凯文·J·奥康纳,巴里·德尔·舍曼,狄龙·弗雷泽尔,剧情,Nan,Nan
6121141,理查·基尔,苏珊·萨兰登,蒂姆·罗斯,布里特·马灵,莱蒂西娅·卡斯塔,剧情,惊悚,Nan
26266893,屈楚萧,吴京,李光洁,吴孟达,赵今麦,科幻,灾难,Nan
30242164,许光汉,姚爱宁,林意箴,Nan,Nan,剧情,爱情,Nan
26683290,神木隆之介,上白石萌音,长泽雅美,市原悦子,成田凌,剧情,爱情,动画
26430107,Nan,Nan,Nan,Nan,Nan,纪录片,Nan,Nan
3011091,理查·基尔,萨拉·罗默尔,琼·艾伦,罗比·萨布莱特,艾瑞克·阿瓦利,剧情,Nan,Nan
26752088,徐峥,王传君,周一围,谭卓,章宇,剧情,喜剧,Nan
26804147,道恩·强森,内芙·坎贝尔,黄经汉,罗兰·默勒,麦肯纳·罗伯茨,动作,惊悚,冒险
4058933,Lady,Gaga,布莱德利·库珀,山姆·艾里奥特,安德鲁·戴斯·克雷,剧情,爱情,音乐
2037012,莱昂纳多·迪卡普里奥,凯特·温丝莱特,迈克尔·珊农,芮安·辛普金斯,克里斯托弗·菲茨杰拉德,剧情,爱情,Nan
27068596,郑有美,李光洙,裴晟祐,成东日,裴宗玉,剧情,犯罪,Nan
27622447,中川雅也,安藤樱,松冈茉优,城桧吏,佐佐木美结,剧情,家庭,犯罪
30304086,李栋旭,刘仁娜,李尚禹,孙星允,吴政世,剧情,喜剧,爱情
3205624,杰西·艾森伯格,安德鲁·加菲尔德,贾斯汀·汀布莱克,鲁妮·玛拉,约瑟夫·梅泽罗,剧情,传记,Nan
1305306,卡瑞·玛切特,格兰特·维恩·戴维斯,Grace,Lynn,Kung,科幻,悬疑,惊悚
10546666,乔纳·希尔,查宁·塔图姆,彼得·斯特曼,怀亚特·罗素,艾波·斯蒂文斯,喜剧,动作,犯罪
3072889,乔纳·希尔,查宁·塔图姆,约翰尼·西蒙斯,戴夫·弗兰科,罗伯·里格尔,喜剧,动作,犯罪
26666177,小野大辅,市道真央,郭智博,早见沙织,池田秀一,动作,科幻,动画
30181230,贾静雯,吴慷仁,温升豪,周采诗,曾沛慈,剧情,Nan,Nan
11639146,西尔莎·罗南,玛格特·罗比,杰克·劳登,乔·阿尔文,大卫·田纳特,剧情,传记,历史
30194769,维克托·波尔斯特,阿里耶·沃索尔特,奥利弗·博达特,蒂伊门·戈瓦尔茨,卡特简·达门,剧情,同性,Nan
30306764,郑雨盛,金香起,李圭亨,廉惠兰,张荣男,剧情,惊悚,Nan
27101775,崔承浩,Nan,Nan,Nan,Nan,纪录片,Nan,Nan
30167509,亚历克斯·霍诺尔德,金国威,Dierdre,Wolownick,Tommy,纪录片,Nan,Nan
26363987,梅丽莎·麦卡西,理查德·E·格兰特,多莉·韦尔斯,本·法尔科内,格里高利·克洛斯蒂舍夫斯基,剧情,喜剧,传记
3914513,休·杰克曼,米歇尔·威廉姆斯,扎克·埃夫隆,赞达亚,丽贝卡·弗格森,剧情,歌舞,传记
27045615,上白石萌歌,黑木华,星野源,麻生久美子,吉原光夫,动画,奇幻,Nan
1304447,盖·皮尔斯,凯瑞-安·莫斯,乔·潘托里亚诺,小马克·布恩,拉什·费加,剧情,悬疑,惊悚
5045678,季冠霖,苏尚卿,许魏洲,金士杰,杨婷,剧情,动画,奇幻
2303845,舒淇,张震,周韵,妻夫木聪,阮经天,剧情,武侠,古装
10533913,艾米·波勒,菲利丝·史密斯,理查德·坎德,比尔·哈德尔,刘易斯·布莱克,喜剧,动画,冒险
6128025,沙妮·文森,尼古拉斯·图齐,温迪·格伦,AJ·鲍恩,乔·斯万博格,惊悚,恐怖,Nan
21360412,颜卓灵,蔡瀚亿,杨乐文,范颖儿,Tommy,剧情,爱情,歌舞
20276953,托比·斯蒂芬斯,凯蒂·洛茨,丹尼斯·劳森,山姆·哈兹尔丁,普妮·哈吉莫哈玛迪,科幻,惊悚,Nan
3009053,Nan,Nan,Nan,Nan,Nan,Nan,Nan,Nan
27185563,黑木华,树木希林,多部未华子,Nan,Nan,剧情,Nan,Nan
27109879,山田孝之,佐藤健,荒川良良,石桥桂,首くくり栲象,喜剧,Nan,Nan
30143523,洛伦佐·法罗,奇诺·达林,丹尼尔·凡尼戈,梅赛黛斯·莫朗,玛莱娜·维拉,剧情,同性,传记
30272423,安东尼·波罗夫斯基,鲍比·伯克,卡拉莫·布朗,乔纳森·凡·奈斯,谭·法郎士,真人秀,Nan,Nan
30240344,刘蓓,王珞丹,宗平,Nan,Nan,剧情,Nan,Nan
27042467,都暻秀,朴慧秀,吴政世,金民浩,朴真珠,剧情,歌舞,战争
10466639,Calvin,Reeder,莱恩·休斯,亚当·温加德,Hannah,惊悚,恐怖,Nan
26320771,Lola,Gave,Axel,Holst,Andreas,动作,恐怖,奇幻
26600660,詹姆斯·麦卡沃伊,安雅·泰勒-乔伊,贝蒂·巴克利,海莉·露·理查森,杰西卡·苏拉,悬疑,惊悚,犯罪
26292833,彼得·斯特曼,乔丹·莘森,马丁·桑斯梅耶,唐·斯达克,迪·沃伦斯,科幻,悬疑,惊悚
1985677,泰勒·克奇,琳恩·柯林斯,托马斯·哈登·丘奇,威廉·达福,萨曼莎·莫顿,动作,科幻,奇幻
1482717,胡慧中,曾江,王艾舜,张小燕,龙方,剧情,动作,奇幻
26923951,薛·米契尔,格雷·达蒙,柯比·约翰逊,尼克·图恩,路易斯·赫特哈姆,悬疑,惊悚,恐怖
27012731,克里斯塔尔·里德,玛莲·法莫,阿纳斯塔西娅·菲利普斯,艾米莉亚·琼斯,泰勒·辛克森,悬疑,惊悚,恐怖
30209818,杰西卡·罗德,伊瑟尔·布罗萨德,露比·莫迪恩,苏拉·沙玛,史蒂夫·齐西斯,悬疑,惊悚,恐怖
26740391,克拉克·格雷格,温明娜,汪可盈,伊恩·德·卡斯泰克,伊丽莎白·亨斯屈奇,剧情,动作,科幻
26999424,米拉·库尼斯,凯特·麦克金农,贾斯汀·塞洛克斯,萨姆·修汉,薇尔玛·斯泽克斯,喜剧,动作,Nan
27003543,河正宇,朱智勋,马东锡,金香起,李政宰,动作,奇幻,Nan
26654269,桑德拉·布洛克,凯特·布兰切特,安妮·海瑟薇,海伦娜·伯翰·卡特,蕾哈娜,喜剧,犯罪,Nan
27088750,郑真英,朴圣雄,罗美兰,李垂珉,李俊赫,剧情,喜剧,Nan
25849049,格雷格·T·尼尔森,霍利·亨特,莎拉·沃威尔,赫克·米尔纳,伊莱·富西尔,喜剧,动作,动画
26426194,杰森·斯坦森,李冰冰,雷恩·威尔森,鲁比·罗丝,赵文瑄,动作,科幻,惊悚
26994789,肖央,杜鹃,常远,小沈阳,岳云鹏,喜剧,奇幻,Nan
26741061,麦肯吉·弗依,摩根·弗里曼,凯拉·奈特莉,马修·麦克费登,海伦·米伦,奇幻,冒险,Nan
30282596,玛丽亚·贝罗,凯尔·麦克拉克伦,泰勒·辛克森,彼德·奥德博拉治,达伦·曼恩,剧情,同性,Nan
30194752,埃娃·梅兰德,埃罗·米洛诺夫,约根·托尔松,安·彼得伦,斯坦·伦格伦,剧情,惊悚,奇幻
3878007,杰森·莫玛,艾梅柏·希尔德,威廉·达福,帕特里克·威尔森,妮可·基德曼,动作,奇幻,冒险
30163509,沈腾,黄景瑜,尹正,张本煜,尹昉,喜剧,Nan,Nan
25986662,黄渤,沈腾,汤姆·派福瑞,马修·莫里森,徐峥,喜剧,科幻,Nan
26383526,나연,사나,다현,채영,정연,真人秀,Nan,Nan
27204617,克里斯汀·贝尔,威廉·杰克森·哈珀,贾米拉·贾米尔,达茜·卡尔登,曼尼·贾希尼托,剧情,爱情,奇幻
26691320,菅田将晖,野村周平,竹内凉真,间宫祥太朗,志尊淳,剧情,喜剧,Nan
30230601,Eamonn,Holmes,Ruth,Langsford,Nan,纪录片,Nan,Nan
2051007,丹尼尔·雷德克里夫,艾玛·沃森,鲁伯特·格林特,海伦娜·伯翰·卡特,拉尔夫·费因斯,剧情,奇幻,冒险
1433330,丹尼尔·雷德克里夫,艾玛·沃森,鲁伯特·格林特,汤姆·费尔顿,迈克尔·刚本,剧情,奇幻,冒险
1457217,丹尼尔·雷德克里夫,艾玛·沃森,鲁伯特·格林特,加里·奥德曼,拉尔夫·费因斯,奇幻,冒险,Nan
1309055,丹尼尔·雷德克里夫,艾玛·沃森,鲁伯特·格林特,蒂莫西·斯波,邦妮·怀特,奇幻,冒险,Nan
1291544,丹尼尔·雷德克里夫,艾玛·沃森,鲁伯特·格林特,加里·奥德曼,朱丽·沃特斯,剧情,奇幻,冒险
2130529,李美琪,肖恩·法瑞斯,雷·帕克,叶芳华,李威尹,动作,科幻,冒险
3569911,科林·法瑞尔,凯特·贝金赛尔,杰西卡·贝尔,布莱恩·科兰斯顿,博基姆·伍德拜因,动作,科幻,惊悚
6221409,张柏芝,小沈阳,赵本山,黄维德,张馨予,喜剧,动作,爱情
3090455,罗根·勒曼,布兰登·T·杰克逊,亚历珊德拉·达达里奥,凯瑟琳·基纳,皮尔斯·布鲁斯南,奇幻,冒险,Nan
6972849,Danny,Trejo,Ving,Rhames,Tanit,动作,Nan,Nan
3329192,刘德华,徐熙媛,徐娇,樊少皇,唐一菲,科幻,Nan,Nan
4904026,海伦娜·伯翰·卡特,弗莱迪·海默,马修·麦克诺提,奥斯卡·肯尼迪,维多利亚·汉密尔顿,剧情,喜剧,同性
5360890,迈克尔·法斯宾德,凯瑞·穆里根,妮可·贝哈瑞,露西·沃特斯,Nan,剧情,情色,Nan
22715021,钱小豪,惠英红,鲍起静,陈友,吴耀汉,剧情,恐怖,奇幻
26628329,赵又廷,杨子姗,Nan,Nan,Nan,爱情,冒险,Nan
27077266,英泽,叶不勒,叶门,叶拼,林晓初,剧情,Nan,Nan
26956031,杨紫,任嘉伦,茅子俊,李曼,刘学义,剧情,爱情,古装
25970952,罗晋,王丽坤,邓伦,张博,于和伟,剧情,奇幻,古装
27145039,张艺兴,王紫璇,王栎鑫,李立群,陈泇文,悬疑,冒险,Nan
25853693,余文乐,杨蓉,孙涛,朱一龙,王祉萱,剧情,爱情,Nan
30329265,沈涛,王源,沈腾,贾玲,欧阳娜娜,真人秀,Nan,Nan
25865815,曾舜晞,陈钰琪,祝绪丹,张超人,林雨申,武侠,古装,Nan
27088997,郑爽,盖玥希,徐悦,陈小纭,王秀竹,剧情,爱情,Nan
26322806,李思捷,单立文,吴君如,萧正楠,许冠文,真人秀,Nan,Nan
27172911,周冬雨,罗晋,刘芮麟,邬立朋,王骁,剧情,爱情,Nan
27109679,泰勒·拉塞尔,洛根·米勒,黛博拉·安沃尔,泰勒·莱伯恩,杰·埃利斯,悬疑,惊悚,Nan
26219713,基努·里维斯,爱丽丝·伊芙,艾米丽·阿琳·林德,托马斯·米德蒂奇,恩杰伊·安东尼,科幻,悬疑,犯罪
27031237,詹姆斯·麦卡沃伊,布鲁斯·威利斯,塞缪尔·杰克逊,安雅·泰勒-乔伊,莎拉·保罗森,悬疑,惊悚,犯罪
27173633,Sladen,Peltier,福勒斯特·古德勒克,Ajuawak,Kapashesit,剧情,历史,Nan
25954475,马克·鲁弗洛,迈克尔·基顿,瑞秋·麦克亚当斯,列维·施瑞博尔,约翰·斯拉特里,剧情,传记,Nan
4116480,汤姆·汉克斯,巴克德·阿巴蒂,巴哈德·阿布迪,法塞尔·阿迈德,马哈特·M·阿里,剧情,传记,犯罪
27088993,姚晨,倪大红,郭京飞,杨祐宁,李念,剧情,家庭,Nan
1904606,Alexandr,Baranov,Viktor,Stepanov,Viktor,战争,Nan,Nan
26794232,乔·科尔,波姆恰努克·马布兰,维他亚·潘斯林加姆,潘亚·伊蒙姆海,尼古拉斯·谢克,动作,传记,犯罪
30331149,张喆,杨天翔,唐小喜,刘薇,张遥函,爱情,动画,奇幻
5977835,叶德娴,刘德华,秦海璐,秦沛,黄秋生,剧情,家庭,Nan
27119586,邱泽,谢盈萱,陈如山,黄圣球,周洺甫,剧情,喜剧,同性
30156898,坂泰斗,寿美菜子,白石晴香,安元洋贵,大冢刚央,动画,Nan,Nan
1297018,金·凯瑞,摩根·弗里曼,詹妮弗·安妮斯顿,菲利普·贝克·霍尔,凯瑟琳·贝尔,喜剧,奇幻,Nan
10594965,罗伯特·德尼罗,安妮·海瑟薇,蕾妮·罗素,安德雷斯·霍尔姆,乔乔·库什纳,喜剧,Nan,Nan
24751756,冯小刚,许晴,张涵予,刘桦,李易峰,剧情,犯罪,Nan
2043546,水桥研二,近藤好美,尾上绫华,花村怜美,Nan,剧情,爱情,动画
3742360,姜文,葛优,周润发,刘嘉玲,陈坤,剧情,喜剧,动作
26925317,李易峰,迈克尔·道格拉斯,周冬雨,曹炳琨,王戈,剧情,动作,冒险
27594473,朱丽·沃特斯,杰西·巴克利,苏菲·奥康内多,杰米·西弗斯,Ashley,剧情,音乐,Nan
20443013,谢霆锋,余文乐,任达华,胡军,白冰,动作,灾难,Nan
26392201,Cyprien,Nan,Nan,Nan,Nan,短片,Nan,Nan
27097841,帕特丽夏·阿奎特,乔伊·金,科洛·塞维尼,安娜索菲亚·罗伯,卡勒姆·沃西,剧情,犯罪,Nan
27602530,约翰·库萨克,埃米尔·赫斯基,安东尼娅·坎贝尔-休斯,丹尼·韦伯,黛博拉·弗朗索瓦,动作,犯罪,西部
2160145,史蒂芬·霍金,朱迪·戴维斯,约翰·赫特,布莱恩·丹内利,詹姆斯·丹顿,剧情,科幻,Nan
1900784,艾莉珊卓·迪·萝西,洪慧芳,Nan,Nan,Nan,恐怖,Nan,Nan
3217153,米基·洛克,杰森·斯坦森,埃曼纽尔·施莱琪,亚历山大·斯卡斯加德,盖比·霍夫曼,剧情,惊悚,Nan
26980827,李秉宪,朴正民,尹汝贞,韩智敏,金成铃,剧情,Nan,Nan
26797690,王凯,杨烁,董子健,童瑶,杨立新,剧情,Nan,Nan
27102569,赵英博,任敏,辛云来,章若楠,朱丹妮,剧情,爱情,Nan
27113810,金允石,朱智勋,陈善圭,郑钟俊,许真,剧情,惊悚,犯罪
6080756,苏志燮,李美妍,Nan,Nan,Nan,剧情,动作,犯罪
30156039,李立宏,Nan,Nan,Nan,Nan,纪录片,Nan,Nan
26848645,陈飞宇,宋伊人,胡军,郑少秋,孙祖君,剧情,奇幻,Nan
26356631,丹泽尔·华盛顿,佩德罗·帕斯卡,艾什顿·桑德斯,奥森·比恩,比尔·普尔曼,动作,惊悚,犯罪
30210768,克里斯汀·芭伦斯基,库什·珍宝,露丝·莱斯利,戴尔里·林多,萨拉·斯蒂尔,剧情,Nan,Nan
30198838,吴珊卓,朱迪·科默,费奥纳·肖,肖恩·德兰尼,尼娜·索珊娅,剧情,惊悚,犯罪
25820279,施瑞·阿普莱碧,纳塔莉·凯利,艾什丽·斯科特,康斯坦斯·齐默,乔安娜·布拉迪,剧情,Nan,Nan
27053945,露皮塔·尼永奥,温斯顿·杜克,伊丽莎白·莫斯,蒂姆·海德克,莎哈迪·赖特·约瑟夫,惊悚,恐怖,Nan
25851541,Nan,Nan,Nan,Nan,Nan,Nan,Nan,Nan
10569144,Nan,Nan,Nan,Nan,Nan,Nan,Nan,Nan
25780664,Nan,Nan,Nan,Nan,Nan,Nan,Nan,Nan
30183666,阿米达普·巴强,里希·卡普尔,吉米特·特里韦迪,达尔曼德拉·吉尔,Nan,剧情,喜剧,Nan
24695277,甄子丹,王宝强,杨采妮,白冰,方中信,动作,惊悚,Nan
3095514,达科塔·约翰逊,蒂尔达·斯文顿,科洛·莫瑞兹,米娅·高斯,杰西卡·哈珀,惊悚,恐怖,Nan
30181130,容中尔甲,尼玛颂宋,赛却加,Nan,Nan,剧情,家庭,Nan
20438964,约翰·C·赖利,萨拉·西尔弗曼,盖尔·加朵,塔拉吉·P·汉森,杰克·麦克布瑞尔,喜剧,动画,奇幻
26774033,徐峥,王丽坤,王砚辉,段博文,任达华,剧情,悬疑,犯罪
25823277,刘亦菲,杨洋,罗晋,严屹宽,李纯,爱情,奇幻,Nan
30293828,赵立新,凌潇肃,王嘉,董琦,马梦唯,剧情,Nan,Nan
26985127,黄渤,舒淇,王宝强,张艺兴,于和伟,剧情,喜剧,Nan
27087787,河正宇,李善均,詹妮弗·艾莉,凯文·杜兰,马利克·约巴,剧情,动作,惊悚
4840388,王宝强,鄂靖文,张全蛋,景如洋,张琪,剧情,喜剧,Nan
27202960,林依晨,张彬彬,林柏宏,孙祖君,黄心娣,爱情,古装,Nan
26920281,杨紫,邓伦,陈钰琪,罗云熙,王一菲,剧情,爱情,奇幻
25975243,杨幂,赵又廷,张智尧,迪丽热巴,高伟光,剧情,爱情,奇幻
27080949,邢昭林,梁洁,王瑞昌,辛瑞琪,孙艺宁,爱情,古装,Nan
26808247,马思纯,盛一伦,丁川,王楚然,张峻鸣,剧情,爱情,古装
27139732,阿曼德拉·斯坦伯格,雷吉娜·赫尔,罗素·霍恩斯比,安东尼·麦凯,Nan,剧情,犯罪,Nan
32568510,李知恩,裴斗娜,朴海秀,金泰勋,李成旭,剧情,短片,Nan
27109267,嘉莲·维雅,安娜·多尔瓦尔,阿娜伊斯·德穆斯蒂埃,Nan,Nan,喜剧,Nan,Nan
1308796,古天乐,郭富城,应采儿,梁家辉,陈小春,剧情,动作,Nan
27053768,菲比·沃勒-布里奇,安德鲁·斯科特,奥利维娅·科尔曼,茜安·克利福德,比尔·帕特森,喜剧,Nan,Nan
26585014,奥利弗·马苏奇,法比安·布施,克里斯托夫·玛丽亚·赫布斯特,卡蒂娅·里曼,弗兰齐丝卡·武尔夫,喜剧,Nan,Nan
27050133,琪兰·席普卡,斯坦利·图齐,米兰达·奥图,约翰·考伯特,萨拉·阿伯特,恐怖,Nan,Nan
30140092,陈以文,饶星星,刘冠廷,纳豆,巫建和,剧情,爱情,悬疑
27148176,志尊淳,佐野勇斗,早见明里,竹内凉真,户塚纯贵,剧情,Nan,Nan
1305903,妮可·德波儿,妮基·瓜达尼,大卫·休莱特,安德鲁·米勒,朱利安·瑞钦斯,科幻,悬疑,惊悚
1300868,西格妮·韦弗,汤姆·斯凯里特,维罗尼卡·卡维特,哈利·戴恩·斯坦通,约翰·赫特,科幻,恐怖,Nan
1306809,米拉·乔沃维奇,米歇尔·罗德里格兹,科林·萨蒙,埃里克·马比斯,詹姆斯·鲍弗,动作,科幻,恐怖
1293792,西格妮·韦弗,凯莉·赫恩,迈克尔·比恩,保罗·雷瑟,兰斯·亨利克森,动作,科幻,恐怖
1945330,托马斯·简,马西娅·盖伊·哈登,劳瑞·侯登,安德鲁·布劳尔,托比·琼斯,科幻,惊悚,恐怖
1299765,周星驰,莫文蔚,梁家仁,黄一飞,李力持,喜剧,恐怖,奇幻
1773217,阿西塔·西卡玛娜,阿南达·爱华灵咸,娜特慧兰·塔美,Nan,Nan,悬疑,恐怖,Nan
1308752,米拉·乔沃维奇,西耶娜·盖尔利,奥德·菲尔,托马斯·克莱舒曼,索菲·瓦瓦塞尔,动作,科幻,恐怖
1293839,奥黛丽·赫本,格利高里·派克,埃迪·艾伯特,哈特利·鲍尔,哈考特·威廉姆斯,剧情,喜剧,爱情
26366496,彭于晏,廖凡,姜文,周韵,许晴,剧情,喜剧,动作
20270421,詹怀云,魏汉鼎,石康均,蔡承恩,王裕城,剧情,喜剧,Nan
25944886,詹姆斯·弗兰科,戴夫·弗兰科,塞斯·罗根,艾莉·葛瑞那,爱丽森·布里,剧情,喜剧,传记
26909423,杨子姗,尹昉,李勤勤,王婷,娜仁花,剧情,Nan,Nan
26683723,井柏然,周冬雨,田壮壮,曲哲明,刘启恒,剧情,爱情,Nan
27205042,刘思博,黄一飞,董立范,宗一童,梅景洪,剧情,喜剧,动作
30334073,阿尤斯曼·库拉纳,塔布,拉迪卡·艾普特,安尔·德霍万,马纳夫·维吉,喜剧,悬疑,惊悚
30428103,蒋昌建,韩雪,郭采洁,戚薇,魏坤琳,真人秀,Nan,Nan
26803711,石磊,原泽宇,季冠霖,洪晃,米粒,动画,奇幻,冒险
3718279,瑞恩·雷诺兹,莫蕾娜·巴卡琳,艾德·斯克林,T·J·米勒,吉娜·卡拉诺,喜剧,动作,科幻
2124703,黄渤,戎祥,九孔,徐峥,王双宝,喜剧,动作,冒险
26786642,吴恬敏,亨利·戈尔丁,杨紫琼,嘉玛·陈,奥卡菲娜,喜剧,爱情,Nan
1652592,罗莎·萨拉查,克里斯托弗·沃尔兹,基恩·约翰逊,艾德·斯克林,马赫沙拉·阿里,动作,科幻,冒险
27064955,陈柏霖,景甜,张逸杰,赖雨濛,杜俊泽,爱情,科幻,Nan
26937563,山姆·克拉弗林,谢琳·伍德蕾,杰弗瑞·托马斯,伊丽莎白·霍桑,格蕾丝·帕尔默,爱情,灾难,Nan
1499008,周润发,巩俐,刘烨,周杰伦,陈瑾,剧情,动作,爱情
3793023,阿米尔·汗,卡琳娜·卡普尔,马达范,沙尔曼·乔希,奥米·瓦依达,剧情,喜剧,爱情
26354526,陈晓,秦岚,杜天皓,刘芮麟,李现,剧情,爱情,Nan
3993588,冯绍峰,窦骁,昂哈妮玛,巴森,尹铸胜,剧情,冒险,Nan
1294671,郑伊健,舒淇,杨恭如,元彪,林晓峰,剧情,动作,冒险
1302495,古天乐,雷宇扬,张锦程,丁子峻,谷德昭,喜剧,恐怖,Nan
4151110,周冬雨,窦骁,奚美娟,李雪健,姜瑞佳,剧情,爱情,Nan
1388175,深田恭子,土屋安娜,宫迫博之,筱原凉子,阿部隆史,喜剧,Nan,Nan
25958717,阿努克·斯特芬,布鲁诺·甘茨,昆林·艾格匹,安娜·申茨,伊莎贝尔·奥特曼,剧情,家庭,冒险
1309163,瑞恩·高斯林,瑞秋·麦克亚当斯,吉娜·罗兰兹,詹姆斯·加纳,斯塔尔勒塔·杜波利斯,剧情,爱情,Nan
1293145,汤姆·汉克斯,丹泽尔·华盛顿,罗伯塔·马克斯韦尔,巴兹·基尔曼,卡伦·芬利,剧情,同性,Nan
1849031,威尔·史密斯,贾登·史密斯,坦迪·牛顿,布莱恩·豪威,Nan,剧情,家庭,传记
1306029,罗素·克劳,艾德·哈里斯,詹妮弗·康纳利,克里斯托弗·普卢默,保罗·贝坦尼,剧情,传记,Nan
3075287,杰克·吉伦哈尔,维拉·法米加,米歇尔·莫纳汉,杰弗里·怀特,拉塞尔·皮特斯,科幻,悬疑,惊悚
3805946,权相宇,李凡秀,李宝英,郑爱延,李瀚伟,爱情,Nan,Nan
30141372,玛拉·昂德,安东·斯皮克,阿尔恩特·施韦林·索瑞,托马斯·施穆克特,豪尔·邦德舒,剧情,Nan,Nan
3992381,薛耿求,韩惠珍,柳昇范,Nan,Nan,惊悚,Nan,Nan
3006309,河正宇,金允石,徐英姬,金裕贞,郑仁基,剧情,惊悚,犯罪
3743114,河正宇,金允石,郑满植,李哲民,Nan,剧情,动作,犯罪
30387441,葛布,刘浩,王初伊,黄垲翔,Nan,剧情,悬疑,奇幻
27615441,约翰·赵,米切尔·拉,黛博拉·梅辛,约瑟夫·李,萨拉·米博·孙,剧情,悬疑,惊悚
1292206,米基·马诺伊洛维奇,拉扎尔·里斯托夫斯基,米里亚娜·约科维奇,斯拉夫科·斯提马科,恩斯特·施托兹,剧情,战争,Nan
5995338,奥野匡,高梨临,加濑亮,绪方义博,森礼子,剧情,Nan,Nan
10438426,郝蕾,秦昊,齐溪,朱亚文,祖峰,剧情,犯罪,Nan
1294565,科琳娜·马尔尚,安托万·布尔塞耶,多米妮克·达夫雷,多萝泰·布兰克,米歇尔·勒格朗,剧情,喜剧,音乐
1292994,米亚·法罗,杰夫·丹尼尔斯,丹尼·爱罗,Nan,Nan,喜剧,爱情,奇幻
10575206,阿部隆史,菅野美穗,山崎努,原田美枝子,池内博之,剧情,家庭,Nan
22265634,马克·哈米尔,凯丽·费雪,黛西·雷德利,亚当·德赖弗,约翰·博耶加,动作,科幻,冒险
20326665,黛西·雷德利,约翰·博耶加,哈里森·福特,多姆纳尔·格里森,亚当·德赖弗,动作,科幻,冒险
25900947,阿尔登·埃伦瑞奇,艾米莉亚·克拉克,伍迪·哈里森,唐纳德·格洛弗,保罗·贝坦尼,动作,科幻,冒险
4099231,朝仓亚纪,高良健吾,地井武男,宫本信子,高畑淳子,动画,Nan,Nan
2305334,罗嘉良,陈慧珊,郭少芸,江华,汤盈盈,剧情,悬疑,Nan
25831331,小泉今日子,中井贵一,坂口宪二,内田有纪,久保田磨希,剧情,喜剧,爱情
6989744,小泉今日子,中井贵一,坂口宪二,内田有纪,久保田磨希,剧情,喜剧,爱情
1441794,王冰,吕中,马少骅,孙淳,李光洁,剧情,历史,Nan
1309021,基努·里维斯,蕾切尔·薇兹,希亚·拉博夫,杰曼·翰苏,蒂尔达·斯文顿,动作,惊悚,奇幻
26936272,木梨宪武,佐藤健,本乡奏多,二阶堂富美,三吉彩花,动作,科幻,Nan
30348783,蒋昌建,骆新,葛剑雄,猫力,朱洁静,纪录片,Nan,Nan
26963808,森久保祥太郎,茅野爱衣,上坂堇,花江夏树,关俊彦,科幻,动画,灾难
1291999,林青霞,金城武,梁朝伟,王菲,周嘉玲,剧情,爱情,Nan
1293544,朱迪·福斯特,安东尼·霍普金斯,斯科特·格伦,安东尼·希尔德,布鲁克·史密斯,剧情,惊悚,犯罪
26968024,闫妮,邹元清,吴若甫,吴大维,耿乐,剧情,喜剧,Nan
3819939,北野武,椎名桔平,加濑亮,三浦友和,国村隼,动作,犯罪,Nan
26990609,梅丽尔·斯特里普,汤姆·汉克斯,莎拉·保罗森,鲍勃·奥登科克,崔西·莱茨,剧情,惊悚,传记
26787574,雅各布·特伦布莱,朱莉娅·罗伯茨,伊扎贝拉·维多维奇,欧文·威尔逊,诺亚·尤佩,剧情,家庭,儿童
4920389,泰伊·谢里丹,奥利维亚·库克,本·门德尔森,马克·里朗斯,丽娜·维特,动作,科幻,冒险
25932086,汤姆·希林,埃利亚斯·穆巴里克,沃坦·维尔克·默林,汉娜·赫茨施普龙,崔娜·蒂虹,悬疑,惊悚,犯罪
1307542,尼古拉斯·凯奇,山姆·洛克威尔,艾莉森·洛曼,布鲁斯·奥尔特曼,Nan,剧情,喜剧,犯罪
1291545,伊万·麦克格雷格,阿尔伯特·芬尼,比利·克鲁德普,杰西卡·兰格,海伦娜·伯翰·卡特,剧情,家庭,奇幻
1301711,布鲁斯·威利斯,塞缪尔·杰克逊,罗宾·怀特,斯宾塞·崔特·克拉克,查莱宁·伍德拉德,悬疑,惊悚,犯罪
1309200,乔什·卢卡斯,杰西卡·贝尔,杰米·福克斯,山姆·夏普德,理查德·劳斯伯格,动作,科幻,冒险
1292212,尼古拉斯·凯奇,梅格·瑞恩,安德鲁·布劳尔,丹尼斯·弗兰茨,科鲁姆·费奥瑞,剧情,爱情,奇幻
1299054,汤姆·克鲁斯,佩内洛普·克鲁兹,卡梅隆·迪亚兹,库尔特·拉塞尔,杰森·李,爱情,科幻,悬疑
26367579,丹尼拉·科兹洛夫斯基,弗拉基米尔·马什科夫,阿格尼·格鲁迪特,谢尔盖·加扎罗夫,凯特丽娜·斯皮茨,剧情,动作,冒险
11584016,河正宇,车太贤,朱智勋,金香起,金东旭,剧情,奇幻,Nan
27180599,麦斯·米科尔森,凡妮莎·哈金斯,凯瑟琳·温妮克,罗伯特·梅耶,马特·卢卡斯,动作,Nan,Nan
4844731,福士苍汰,杉咲花,吉泽亮,真野惠里菜,小柳友,动作,奇幻,冒险
1303145,薛耿求,文素丽,金汝珍,徐情,金仁权,剧情,Nan,Nan
1292965,马克·沃尔伯格,伯特·雷诺兹,朱丽安·摩尔,海瑟·格拉汉姆,约翰·C·赖利,剧情,情色,Nan
6013893,李敏镐,朴敏英,李俊赫,具荷拉,黄善熙,剧情,动作,惊悚
26299410,姚晨,唐嫣,郝蕾,郭富城,李晨,剧情,爱情,Nan
25843976,吴亦凡,韩庚,卢杉,包贝尔,周元,爱情,Nan,Nan
21941770,李敏镐,钟汉良,唐嫣,徐正溪,吴千语,剧情,喜剧,动作
24307637,李敏镐,金来沅,郑镇荣,金雪炫,刘承睦,剧情,动作,Nan
27180356,柳海真,赵震雄,李瑞镇,廉晶雅,金智秀,剧情,喜剧,Nan
1291557,梁朝伟,张曼玉,潘迪华,萧炳林,张耀扬,剧情,爱情,Nan
1303173,葛优,刘蓓,何冰,冯小刚,英达,喜剧,Nan,Nan
1997681,冯巩,徐帆,刘孜,叮当,张澍,喜剧,Nan,Nan
30182729,丹尼尔·凯林,辛迪·劳,Nan,Nan,Nan,动画,短片,家庭
30263199,王茜华,沈航,于震,王挺,荆浩,剧情,Nan,Nan
1297863,周星驰,张敏,吴孟达,徐少强,林威,喜剧,动作,武侠
26346327,莎拉·乔德利,索玛·查亚,诺林·古拉姆高斯,拉腊·萨迪克,阿里·巴德沙阿,剧情,动画,家庭
27050259,莉莉·詹姆斯,阿曼达·塞弗里德,朱丽·沃特斯,克里斯汀·芭伦斯基,皮尔斯·布鲁斯南,喜剧,爱情,歌舞
30192401,弗莱德里奇·穆克,卡罗利妮·舒赫,大卫·克劳斯,艾丽西娅·冯·里特贝格,托马斯·克莱舒曼,剧情,惊悚,历史
30476761,莎法莉·什提,拉什·塔朗,拉塞卡·杜加尔,雅夏维尼·达亚玛,阿努拉格·阿罗拉,剧情,犯罪,Nan
26588308,瑞恩·雷诺兹,乔什·布洛林,朱利安·迪尼森,斯蒂芬·卡皮契奇,莎姬·贝兹,喜剧,动作,科幻
27019982,阿米尔·汗,卡特莉娜·卡芙,阿米达普·巴强,劳埃德·欧文,阿明·阿卜杜勒·奎德,喜剧,动作,冒险
30283526,索姆·沙,田蒂·马舍,安妮塔·戴特,朗吉·查克拉博蒂,迪普克·达姆利,剧情,惊悚,奇幻
26425063,周润发,郭富城,张静初,冯文娟,廖启智,剧情,动作,悬疑
27074301,凯里·欧文,里尔·莱尔·哈瓦瑞,沙奎尔·奥尼尔,克里斯·韦伯,雷吉·米勒,喜剧,运动,Nan
30181789,马东锡,宋智孝,金圣武,金敏载,朴智焕,动作,犯罪,Nan
1947089,李连杰,金城武,刘德华,徐静蕾,郭晓东,剧情,动作,战争
2359450,洪金宝,任达华,吴京,李修贤,恬妞,动作,犯罪,Nan
1417555,托尼·贾,Petchtai,Wongkamlao,金星,Nan,剧情,动作,惊悚
1308713,托尼·贾,派特察泰·王卡姆劳,帕姆瓦瑞·尤德卡默尔,Nan,Nan,动作,犯罪,Nan
26924141,张家辉,徐静蕾,何炅,余男,苗侨伟,剧情,动作,悬疑
1578507,马特·达蒙,朱丽娅·斯蒂尔斯,大卫·斯特雷泽恩,斯科特·格伦,帕迪·康斯戴恩,动作,悬疑,惊悚
27038235,詹妮弗·加纳,小约翰·加拉赫,约翰·奥提兹,胡安·巴勃罗·拉瓦,安妮·伊隆泽,剧情,动作,惊悚
30137085,坂口健太郎,北村一辉,吉濑美智子,木村佑一,池田铁洋,科幻,悬疑,Nan
27098364,杰瑞·奥康奈尔,丽贝卡·罗梅恩,雷恩·威尔森,罗莎里奥·道森,内森·菲利安,动作,科幻,动画
26905469,西尔维斯特·史泰龙,黄晓明,戴夫·巴蒂斯塔,杰西·麦特卡尔菲,杰米·金,动作,惊悚,Nan
27594260,竹内结子,贯地谷栞,泷藤贤一,中村伦也,大谷亮平,悬疑,Nan,Nan
26824001,娜塔莉·多默尔,艾米丽·拉塔科斯基,艾德·斯克林,乔莉·理查德森,詹姆斯·卡沙莫,惊悚,Nan,Nan
26770698,薛耿求,任时完,全慧珍,金熙元,Nan,剧情,动作,犯罪
27069070,水田山葵,大原惠美,嘉数由美,木村昴,关智一,动画,奇幻,冒险
26792540,盖·皮尔斯,皮尔斯·布鲁斯南,明妮·德里弗,奥德娅·拉什,克拉克·格雷格,剧情,悬疑,惊悚
30221703,韩朴俊,朱颜曼滋,何索,李心敏,韩秋池,剧情,悬疑,犯罪
1460919,竹内顺子,甲斐田雪,三桥加奈子,高桥广树,永野善一,喜剧,动画,冒险
25970953,吴谨言,茅子俊,聂远,海铃,宁静,剧情,古装,Nan
3168101,汤姆·哈迪,米歇尔·威廉姆斯,里兹·阿迈德,斯科特·黑兹,Nan,动作,科幻,惊悚
25821634,克里斯·海姆斯沃斯,汤姆·希德勒斯顿,凯特·布兰切特,伊德里斯·艾尔巴,杰夫·高布伦,动作,奇幻,冒险
25881611,陈伟霆,林允,胡军,倪大红,李光洁,奇幻,冒险,Nan
2997076,莱昂纳多·迪卡普里奥,乔纳·希尔,玛格特·罗比,马修·麦康纳,凯尔·钱德勒,剧情,喜剧,传记
26953476,Nan,Nan,Nan,Nan,Nan,纪录片,真人秀,脱口秀
30453048,董卿,康震,蒙曼,郦波,王立群,真人秀,Nan,Nan
24843509,Antonio,Carluccio,Gennaro,Contaldo,Nan,纪录片,Nan,Nan
10742835,Antonio,Carluccio,Gennaro,Contaldo,Nan,纪录片,Nan,Nan
26386034,查理兹·塞隆,詹姆斯·麦卡沃伊,埃迪·马森,约翰·古德曼,托比·琼斯,动作,悬疑,惊悚
1304102,马特·达蒙,弗朗卡·波滕特,克里斯·库珀,克里夫·欧文,朱丽娅·斯蒂尔斯,动作,悬疑,惊悚
25798131,基努·里维斯,迈克尔·恩奎斯特,阿尔菲·艾伦,威廉·达福,迪恩·文特斯,动作,惊悚,犯罪
27160683,山寺宏一,高木涉,加隈亚衣,钉宫理惠,田中敦子,动作,动画,Nan
26260853,范·迪塞尔,道恩·强森,查理兹·塞隆,杰森·斯坦森,米歇尔·罗德里格兹,动作,犯罪,Nan
27624661,陈意涵,刘以豪,张书豪,陈庭妮,吴映洁,爱情,Nan,Nan
26946510,马东锡,尹启相,赵在允,崔奎华,林炯俊,动作,犯罪,Nan
25986180,孔侑,郑有美,马东锡,金秀安,金义城,动作,惊悚,灾难
25919910,廖凡,宋佳,蒋雯丽,金士杰,宋洋,剧情,动作,武侠
25727544,韩庚,杰瑞米·埃尔卡伊姆,菅纫姿,阿丽斯·德·朗克桑,海伦·文森特,剧情,爱情,Nan
1292792,瑞凡·菲尼克斯,基努·里维斯,詹姆斯·拉索,William,Richert,剧情,爱情,同性
1914831,张睿家,张孝全,杨淇,Nan,Nan,剧情,爱情,同性
26761328,陈坤,倪妮,赵立新,倪大红,袁弘,剧情,爱情,古装
27186315,吴亦凡,姚中仁,张震岳,潘玮柏,邓紫棋,音乐,真人秀,Nan
26998315,露西·海尔,泰勒·珀西,维奥莱特·比恩,司徒颂曦,索菲娅·阿里,惊悚,恐怖,Nan
27145130,王骁,姜瑞佳,冯远征,高云翔,吴刚,剧情,爱情,Nan
26322774,朱哲健,李彦漫,陈思瀚,张芷榕,毕志飞,剧情,喜剧,Nan
30482099,李雅男,王薇,王永强,Nan,Nan,动作,武侠,Nan
30426954,章子怡,袁咏仪,张嘉倪,包文婧,谢娜,真人秀,Nan,Nan
30446698,温兆伦,罗家英,Kar-Ying,Law,吴孟达,喜剧,动作,历史
30353507,谢苗,陈梦希,热依娜,李帛轩,容尔甲,历史,Nan,Nan
30416876,林枫烨,付赫安琪,Nan,Nan,Nan,动作,冒险,Nan
26184585,冯骏骅,黄怡晴,沈达威,刘钦,李敏妍,动画,奇幻,武侠
30370874,白海涛,李若嘉,栩晨昱,朱羲伦,康凯,喜剧,Nan,Nan
27186648,张佳宁,王天辰,张智尧,袁咏仪,王文杰,爱情,奇幻,古装
30283308,周子龙,Nan,Nan,Nan,Nan,喜剧,Nan,Nan
19965220,郭涛,梅婷,王菁华,郭广平,张延,爱情,家庭,Nan
26923049,郭晋安,林文龙,袁伟豪,周柏豪,Nan,剧情,Nan,Nan
1292001,蒂姆·罗斯,普路特·泰勒·文斯,比尔·努恩,克兰伦斯·威廉姆斯三世,梅兰尼·蒂埃里,剧情,音乐,Nan
4739952,平采娜·乐维瑟派布恩,马里奥·毛瑞尔,苏达拉·布查蓬,雅尼卡·桑普蕾舞,诺特·阿查拉那·阿瑞亚卫考,剧情,喜剧,爱情
26691361,郭京飞,迪丽热巴,大鹏,包贝尔,刘芮麟,喜剧,爱情,Nan
26877492,金泰梨,柳俊烈,文素丽,秦基周,国志龙,剧情,Nan,Nan
26942674,塞伊拉·沃西,梅·维贾,阿米尔·汗,拉杰·阿晶,提斯·沙马,剧情,音乐,Nan
27195080,吴镇宇,张智霖,佘诗曼,周秀娜,郑则仕,剧情,犯罪,Nan
3445906,艾丽西亚·维坎德,多米尼克·威斯特,沃尔顿·戈金斯,吴彦祖,克里斯汀·斯科特·托马斯,动作,冒险,Nan
26934399,赵震雄,柳俊烈,金柱赫,金成铃,朴海俊,动作,犯罪,Nan
3078549,布鲁斯·威利斯,文森特·多诺费奥,伊丽莎白·苏,迪恩·诺里斯,博·纳普,动作,惊悚,犯罪
26636712,保罗·路德,伊万杰琳·莉莉,迈克尔·佩纳,汉娜·乔恩-卡门,沃尔顿·戈金斯,动作,科幻,冒险
26388341,裴淳华,乔恩·哈姆,马克·佩雷格里诺,迪恩·诺里斯,谢伊·惠格姆,剧情,惊悚,Nan
27129663,马东锡,权律,韩艺璃,崔昇勋,玉艺琳,剧情,运动,Nan
1305690,张国荣,张曼玉,刘嘉玲,刘德华,张学友,剧情,爱情,犯罪
26942631,伊尔凡·可汗,萨巴·卡玛尔,内哈·迪胡皮阿,迪帕克·迪布里亚尔,蒂希塔·塞加尔,剧情,喜剧,Nan
27079318,田天,韩建玲,赵树林,李桂苓,郭丰赫,剧情,Nan,Nan
27040826,尼古拉斯·凯奇,索菲亚·斯凯尔顿,Dwayne,Cameron,温斯顿·凯奇,动作,Nan,Nan
26426099,奥兰多·布鲁姆,吴磊,任达华,熊黛林,昆凌,动作,犯罪,冒险
1921003,丽芙·泰勒,斯科特·斯比德曼,格伦·豪尔顿,嘉玛·沃德,Kip,惊悚,恐怖,Nan
30219670,韩朴俊,朱颜曼滋,何索,李心敏,韩秋池,剧情,悬疑,犯罪
1900841,乌尔里希·穆埃,马蒂娜·格德克,塞巴斯蒂安·科赫,乌尔里希·图库尔,托马斯·蒂梅,剧情,悬疑,Nan
27176742,切瓦特·埃加福特,麦斯威尔·辛巴,莉莉·班达,爱伊莎·玛依卡,诺玛·杜梅温尼,剧情,Nan,Nan
1947114,任达华,梁家辉,徐子珊,张兆辉,吴廷烨,惊悚,犯罪,Nan
1305843,刘青云,梁家辉,郭蔼明,关宝慧,钟景辉,惊悚,恐怖,Nan
1308035,谢霆锋,伍佰,卢巧音,徐子淇,黄秋生,剧情,动作,惊悚
30192433,泰戈尔·什罗夫,迪莎·帕塔尼,马诺杰·巴杰帕伊,兰迪普·弘达,迪帕克·迪布里亚尔,动作,惊悚,Nan
25994641,王双宝,李易祥,马敬涵,Nan,Nan,喜剧,Nan,Nan
26815381,乔尔·埃哲顿,克里斯托弗·阿波特,卡门·艾乔戈,丽莉·克亚芙,小凯文·哈里森,悬疑,恐怖,Nan
30409713,谢明,舒一宸,张勇,张文俊,段星,动作,Nan,Nan
30387535,莉莎·阿尔扎马索娃,谢尔盖·加尔马什,杨歌,瑟妮娅·拉芙洛娃-格林卡,安德烈·纳兹莫夫,喜剧,冒险,Nan
25792690,古天乐,林家栋,陈静,夏嫣,王敏德,剧情,动作,犯罪
26352445,古天乐,张智霖,周渝民,蔡少芬,林保怡,剧情,犯罪,Nan
26972258,赵涛,廖凡,徐峥,梁嘉艳,刁亦男,爱情,犯罪,Nan
27135751,Ernest,Prakasa,Dion,Wiyoko,Kin,剧情,喜剧,家庭
26916229,堺雅人,高畑充希,堤真一,安藤樱,田中泯,剧情,奇幻,Nan
1291841,马龙·白兰度,阿尔·帕西诺,詹姆斯·肯恩,理查德·卡斯特尔诺,罗伯特·杜瓦尔,剧情,犯罪,Nan
26336252,汤姆·克鲁斯,亨利·卡维尔,文·瑞姆斯,西蒙·佩吉,丽贝卡·弗格森,动作,惊悚,冒险
26607969,王学兵,朱耕佑,马伊琍,王旭峰,岳小军,剧情,犯罪,Nan
1303394,张曼玉,王祖贤,赵文卓,吴兴国,马精武,剧情,爱情,奇幻
1300267,费雯·丽,克拉克·盖博,奥利维娅·德哈维兰,托马斯·米切尔,芭芭拉·欧内尔,剧情,爱情,历史
26309969,王宁,孔连顺,王智,吴孟达,梁超,剧情,喜剧,动作
26970809,安德鲁·威尔逊,卡西迪·吉福德,布里安娜·豪伊,雷利·麦克伦顿,马克思·怀特,动作,科幻,冒险
26611801,沈腾,马丽,杜晓宇,林雪,王子子,喜剧,Nan,Nan
24750534,本·阿弗莱克,亨利·卡维尔,艾米·亚当斯,盖尔·加朵,杰西·艾森伯格,动作,科幻,奇幻
1292343,阿什顿·库彻,梅洛拉·沃尔特斯,艾米·斯马特,埃尔登·汉森,威廉姆·李·斯科特,剧情,科幻,悬疑
27110296,陈建斌,任素汐,潘斌龙,章宇,王砚辉,剧情,喜剧,Nan
30414462,菲恩·怀特海德,克雷格·帕金森,爱丽丝·洛维,阿西姆·乔杜里,威尔·保尔特,剧情,科幻,悬疑
26850330,郭涛,张子枫,姜潮,梅婷,范伟,科幻,悬疑,犯罪
26803717,刘青云,尤靖茹,孔维,林雪,周知,剧情,喜剧,Nan
27179414,艾伦,王智,鲁诺,任达华,金士杰,喜剧,Nan,Nan
30180156,安东尼·波罗夫斯基,鲍比·伯克,卡拉莫·布朗,乔纳森·凡·奈斯,谭·法郎士,真人秀,Nan,Nan
30241099,古贺葵,古川慎,小原好美,铃木崚汰,花守由美里,喜剧,爱情,动画
30206430,诸星堇,伊濑茉莉也,内田真礼,甲斐田裕子,藤田奈央,剧情,动画,悬疑
30219698,刘欢,齐豫,吴青峰,杨坤,毛川,音乐,真人秀,Nan
27607378,野泽雅子,堀川亮,中尾隆圣,岛田敏,古川登志夫,动画,Nan,Nan
30463396,朋抔·里拉塔纳卡邹,斯拉潘·瓦塔纳金达,安·希里亚姆·帕克迪杜姆朗格瑞特,Nan,Nan,剧情,爱情,Nan
25798811,陈冠霖,Nan,Nan,Nan,Nan,爱情,Nan,Nan
4896273,素格力·威塞哥,fang,Nan,Nan,Nan,剧情,爱情,Nan
4889475,素格力·威塞哥,婉娜拉·宋提查,Fang,Pitchaya,查亚鹏·普帕特,喜剧,爱情,Nan
1401526,王家卫,梁朝伟,张国荣,张震,关淑怡,纪录片,同性,Nan
2190929,陶大宇,郭可盈,梁荣忠,钟丽淇,汤宝如,爱情,悬疑,犯罪
27075195,白鹿,许凯,代旭,肖燕,米露,爱情,奇幻,古装
4864908,邓超,孙俪,郑恺,王千源,王景春,剧情,动作,武侠
24852545,陈赫,袁弘,娄艺潇,邓家佳,孙艺洲,喜剧,冒险,Nan
26647182,王宁,修睿,童菲,魏梦,王妍之,剧情,Nan,Nan
6527269,章子怡,张东健,张柏芝,窦骁,卢燕,剧情,爱情,Nan
1961963,周星驰,徐娇,张雨绮,林子聪,冯勉恒,喜剧,科幻,Nan
25710912,徐峥,赵薇,包贝尔,杜鹃,葛民辉,喜剧,Nan,Nan
24879858,邓超,杨幂,古力娜扎,栾元晖,秦越,喜剧,爱情,Nan
26374197,沙梅克·摩尔,杰克·约翰逊,海莉·斯坦菲尔德,马赫沙拉·阿里,布莱恩·泰里·亨利,动作,科幻,动画
2131459,本·贝尔特,艾丽莎·奈特,杰夫·格尔林,佛莱德·威拉特,西格妮·韦弗,爱情,科幻,动画
26779274,苗钟真,林丹妮,王陈怡娴,陈柯帆,Nan,喜剧,音乐,歌舞
26993119,埃斯梅·科里德-米尔斯,米瑞·伊诺丝,乔尔·金纳曼,瑞安·巴雷托,费利西安·朱特纳,剧情,动作,悬疑
1300926,金·凯瑞,泰勒·摩森,杰弗里·塔伯,莫莉·香侬,乔希·瑞安·伊万斯,喜剧,家庭,奇幻
27027799,路易斯·阿什伯恩·瑟金斯,丹妮斯·高夫,迪安·肖穆,汤姆·泰勒,雷亚安娜·杜瑞斯,奇幻,冒险,Nan
30206742,蒋毓玮,方楚彤,吴瑞淞,董芷依,刘畅,喜剧,Nan,Nan
27193043,艾什莉·贾德,乔纳·豪尔-金,狗狗谢尔比,亚历山德拉·希普,韦斯·斯塔迪,剧情,冒险,Nan
30346900,南宫珉,权娜拉,金炳哲,崔元英,李多寅,剧情,Nan,Nan
27087724,莱昂纳多·迪卡普里奥,布拉德·皮特,玛格特·罗比,达科塔·范宁,戴米恩·路易斯,剧情,惊悚,传记
30283179,金巴,更登彭措,索朗旺姆,Nan,Nan,剧情,Nan,Nan
27170563,耿乐,齐溪,王茜,曾美慧孜,山姆·米尔胡塞尼,剧情,Nan,Nan
27040853,孙艺珍,玄彬,金相浩,张荣男,张光,动作,悬疑,犯罪
1293867,周润发,叶童,秦豪,刘洵,吴倩莲,动作,西部,Nan
25862357,麦茜·威廉姆斯,艾米莉亚·克拉克,伊萨克·亨普斯特德-怀特,斯蒂芬·迪兰,彼特·丁拉基,剧情,战争,奇幻
6506809,卡提克·亚利安,迪韦严杜·沙玛,拉育·巴基尔塔,努西拉特·巴努查,Ishita,剧情,喜剧,爱情
25826612,艾米莉亚·克拉克,彼特·丁拉基,基特·哈灵顿,琳娜·海蒂,尼古拉·科斯特-瓦尔道,剧情,奇幻,冒险
23232876,彼特·丁拉基,尼古拉·科斯特-瓦尔道,琳娜·海蒂,艾米莉亚·克拉克,基特·哈灵顿,剧情,奇幻,冒险
1765009,扎克·埃夫隆,凡妮莎·哈金斯,阿什丽·提斯代尔,卢卡斯·格拉比,Nan,剧情,喜剧,Nan
10590706,麦茜·威廉姆斯,艾米莉亚·克拉克,理查德·麦登,伊萨克·亨普斯特德-怀特,斯蒂芬·迪兰,剧情,奇幻,冒险
6558062,麦茜·威廉姆斯,艾米莉亚·克拉克,理查德·麦登,伊萨克·亨普斯特德-怀特,斯蒂芬·迪兰,剧情,奇幻,冒险
6082518,安德鲁·加菲尔德,艾玛·斯通,杰米·福克斯,戴恩·德哈恩,坎贝尔·斯科特,动作,科幻,冒险
1298070,约翰尼·德普,杰弗里·拉什,奥兰多·布鲁姆,凯拉·奈特莉,杰克·达文波特,动作,奇幻,冒险
26147417,埃迪·雷德梅恩,凯瑟琳·沃特斯顿,约翰尼·德普,裘德·洛,埃兹拉·米勒,奇幻,冒险,Nan
1482911,米拉·乔沃维奇,奥德·菲尔,伊恩·格雷,艾丽·拉特,亚香缇,动作,科幻,恐怖
26928226,赵丽颖,冯绍峰,朱一龙,施诗,张佳宁,剧情,爱情,古装
27195038,邢昭林,梁洁,王瑞昌,钟祺,孙艺宁,爱情,古装,Nan
27602116,山下大辉,三宅健太,志田未来,生濑胜久,冈本信彦,动作,动画,Nan
1293359,北野武,关口雄介,岸本加世子,グレート義太夫,井手博士,剧情,喜剧,Nan
24380770,Boogie,Martha,Cooper,布鲁斯·戴维森,玛丽·艾伦·马克,纪录片,Nan,Nan
1292434,吴念真,李凯莉,金燕玲,张洋洋,萧淑慎,剧情,爱情,家庭
1294693,巩俐,张丰毅,李雪健,王志文,孙周,剧情,历史,古装
26946280,李晓苏,冯广健,谢丹青,梁禾,王相铭,剧情,喜剧,悬疑
26801782,白举纲,热依扎,连奕名,任东霖,童苡萱,剧情,动作,犯罪
1962316,洛伦·泰勒,杰梅奈·克莱门特,乔尔·托贝克,布莱恩·瑟金特,克里格·霍尔,喜剧,爱情,Nan
26633257,汤唯,黄觉,张艾嘉,李鸿其,陈永忠,剧情,爱情,悬疑
27039069,杨幂,郭京飞,李鸿其,Nan,Nan,剧情,Nan,Nan
27040737,阿部宽,松岛菜菜子,沟端淳平,田中丽奈,木村绿子,剧情,悬疑,Nan
1292781,西恩·潘,伊莱亚斯·科泰斯,吉姆·卡维泽,本·卓别林,尼克·诺特,剧情,战争,Nan
1422063,樱井孝宏,伊藤步,森久保祥太郎,森川智之,坂本真绫,动作,科幻,动画
25864719,乔·塔斯利姆,伊科·乌艾斯,朱莉·埃斯特尔,冯推守,扎克·李,动作,Nan,Nan
23331914,布拉德·皮特,希亚·拉博夫,罗根·勒曼,迈克尔·佩纳,乔·博恩瑟,剧情,动作,战争
25716096,张雪迎,果靖霖,智一桐,代旭,黄诗佳,剧情,家庭,Nan
26942645,阿克谢·库玛尔,阿努潘·凯尔,布米·佩德卡尔,拉什·沙玛,萨钦·克德卡,剧情,喜剧,Nan
26784967,伊丽莎白·莫斯,约瑟夫·费因斯,伊冯娜·斯特拉霍夫斯基,阿丽克西斯·布莱德尔,O·T·费本勒,剧情,科幻,Nan
6874741,章子怡,黄晓明,张震,王力宏,陈楚生,剧情,爱情,战争
30258179,徐开骋,王双,易柏辰,杨昊铭,Nan,爱情,Nan,Nan
27603700,玄彬,朴信惠,朴勋,朴灿烈,韩宝凛,爱情,奇幻,Nan
6534248,约翰·C·赖利,萨拉·西尔弗曼,杰克·麦克布瑞尔,简·林奇,艾伦·图代克,喜剧,动画,奇幻
27114416,刘青云,张家辉,林嘉欣,袁咏仪,方中信,剧情,悬疑,犯罪
27195043,袁伟豪,惠英红,姜皓文,黄智贤,蔡思贝,剧情,悬疑,犯罪
26325320,安德鲁·加菲尔德,萨姆·沃辛顿,文斯·沃恩,雨果·维文,卢克·布雷西,剧情,传记,历史
1295409,周润发,张国荣,钟楚红,朱江,曾江,剧情,喜剧,动作
26387939,阿米尔·汗,法缇玛·萨那·纱卡,桑亚·玛荷塔,阿帕尔夏克提·库拉那,沙克希·坦沃,剧情,家庭,传记
26611891,艾米莉·布朗特,梅丽尔·斯特里普,科林·费尔斯,朱丽·沃特斯,安吉拉·兰斯伯瑞,歌舞,Nan,Nan
27038254,艾丽西亚·希尔维斯通,简·方达,玛丽·斯汀伯根,安迪·加西亚,黛安·基顿,剧情,喜剧,爱情
26628282,奥利维娅·科尔曼,艾玛·斯通,蕾切尔·薇兹,尼古拉斯·霍尔特,乔·阿尔文,剧情,喜剧,同性
3059389,史蒂夫·卡瑞尔,蒂莫西·柴勒梅德,毛拉·蒂尔内,克里斯蒂安·康佛瑞,凯特琳·德弗,剧情,Nan,Nan
1293838,哈里森·福特,马克·哈米尔,凯丽·费雪,彼得·库欣,亚历克·吉尼斯,动作,科幻,冒险
26252279,艾米·亚当斯,派翠西娅·克拉克森,克里斯·梅西纳,伊莱扎·斯坎伦,马特·克拉文,剧情,悬疑,惊悚
27594217,阿萨·巴特菲尔德,艾玛·麦肯,舒提·盖特瓦,吉莲·安德森,康纳·斯温德尔,剧情,喜剧,Nan
6011805,张国立,张默,徐帆,李雪健,陈道明,剧情,历史,战争
26270502,张震,杨幂,张译,雷佳音,辛芷蕾,剧情,动作,武侠
27027913,杰西卡·罗德,伊瑟尔·布罗萨德,露比·莫迪恩,查尔斯·艾特肯,劳拉·克利夫顿,悬疑,惊悚,恐怖
1401524,休·杰克曼,哈莉·贝瑞,伊恩·麦克莱恩,帕特里克·斯图尔特,法米克·詹森,动作,科幻,惊悚
1305724,帕特里克·斯图尔特,休·杰克曼,伊恩·麦克莱恩,哈莉·贝瑞,法米克·詹森,动作,科幻,惊悚
3718424,休·杰克曼,冈本多绪,福岛莉拉,真田广之,斯维特拉纳·库德钦科娃,动作,科幻,Nan
3026357,克林特·伊斯特伍德,克里斯托弗·卡利,比·王,安蕾·荷,布莱恩·黑利,剧情,Nan,Nan
1300741,吴镇宇,任达华,黄秋生,吕颂贤,张耀扬,剧情,动作,犯罪
26358696,靳东,马伊琍,袁泉,雷佳音,吴越,剧情,家庭,Nan
26698897,王宝强,刘昊然,肖央,刘承羽,尚语贤,喜剧,动作,悬疑
3882715,闫妮,姚晨,沙溢,喻恩泰,姜超,喜剧,武侠,古装
27605698,沈腾,宋芸桦,张一鸣,张晨光,常远,喜剧,Nan,Nan
30287729,凯文·康瑞,乔治·纽伯恩,苏珊·爱森伯格,丹妮拉·玻芭迪拉,素玛立·蒙塔诺,动画,Nan,Nan
30446720,白洲迅,柾木玲弥,花泽将人,冈本夏美,松田流花,喜剧,犯罪,Nan
26956644,发条张,Nan,Nan,Nan,Nan,脱口秀,Nan,Nan
30322997,Nan,Nan,Nan,Nan,Nan,剧情,动画,短片
1578714,盖尔·加朵,克里斯·派恩,康妮·尼尔森,罗宾·怀特,丹尼·赫斯顿,动作,奇幻,冒险
1302467,基努·里维斯,劳伦斯·菲什伯恩,凯瑞-安·莫斯,雨果·维文,贾达·萍克·史密斯,动作,科幻,Nan
1304141,基努·里维斯,凯瑞-安·莫斯,劳伦斯·菲什伯恩,雨果·维文,莫妮卡·贝鲁奇,动作,科幻,Nan
25777636,尼尔·塞西,比尔·默瑞,本·金斯利,伊德里斯·艾尔巴,露皮塔·尼永奥,剧情,奇幻,冒险
1306154,莱昂纳多·迪卡普里奥,克莱尔·丹妮丝,约翰·雷吉扎莫,哈罗德·佩里诺,皮特·波斯尔思韦特,剧情,爱情,犯罪
26340419,本·卫肖,休·格兰特,休·博纳维尔,莎莉·霍金斯,萨缪尔·乔斯林,喜剧,动画,家庭
1291843,基努·里维斯,凯瑞-安·莫斯,劳伦斯·菲什伯恩,雨果·维文,格洛丽亚·福斯特,动作,科幻,Nan
24381366,岛崎信长,铃木达央,平川大辅,宫野真守,代永翼,剧情,动画,运动
6126502,富樫美铃,村田知沙,相泽舞,真田麻美,关智一,剧情,爱情,动画
5397537,入野自由,茅野爱衣,户松遥,樱井孝宏,早见沙织,剧情,动画,Nan
3927789,本·阿弗莱克,查理·汉纳姆,佩德罗·帕斯卡,奥斯卡·伊萨克,亚德里亚·霍纳,动作,犯罪,冒险
30122624,凯万·诺瓦克,马特·贝里,娜塔希亚·德米特里厄斯,哈维·吉兰,马克·普罗克施,喜剧,Nan,Nan
26899146,张震,倪妮,廖凡,黄觉,刘桦,动作,悬疑,犯罪
26336778,乔丹·皮尔,莱斯莉·米尔扎,莎琳·费迪南德,皮特·格兰特,亚当·斯塔福德,剧情,科幻,悬疑
30032768,关智斌,孙雪宁,李诺,刘骐,吴赫伦,喜剧,Nan,Nan
25698722,金秀贤,全智贤,朴海镇,刘仁娜,吴尚镇,爱情,Nan,Nan
30214439,章子怡,徐峥,吴秀波,张国立,伊一,真人秀,Nan,Nan
26999852,秦岚,聂远,佘诗曼,吴谨言,许凯,剧情,爱情,古装
30311112,Bjarke,Ingels,Nan,Nan,Nan,纪录片,Nan,Nan
5392075,能登麻美子,大浦冬华,松本惠,高户靖广,植田佳奈,动画,短片,Nan
1878865,詹森·阿克斯,克里·杜瓦尔,肖恩·派特里克·弗兰纳里,伊莉莎白·哈诺伊斯,丹妮尔·阿克斯,剧情,喜剧,爱情
11613507,斯拉沃热·齐泽克,Nan,Nan,Nan,Nan,纪录片,Nan,Nan
1297874,亨弗莱·鲍嘉,玛丽·阿斯特,格拉黛丝·乔治,彼得·洛,巴顿·麦克莱恩,悬疑,犯罪,黑色电影
1295872,加里·格兰特,爱娃·玛丽·森特,詹姆斯·梅森,洁茜·罗伊丝·兰迪斯,里奥.G.卡罗尔,动作,悬疑,犯罪
30180779,阿万·乔贾,凯莉·伯格伦德,博·米尔乔夫,罗珊娜·马奎达,泰勒·珀西,喜剧,Nan,Nan
7058117,森山未来,高良健吾,前田敦子,槙田雄司,田口智朗,剧情,Nan,Nan
27150284,马克·沃尔伯格,萝丝·拜恩,伊莎贝拉·莫奈,古斯塔夫·奇洛兹,朱莉安娜·甘米兹,剧情,喜剧,Nan
6537486,法布莱斯·鲁奇尼,恩斯特·吴默埃,克里斯汀·斯科特·托马斯,艾玛纽尔·塞尼耶,德尼·梅诺谢,剧情,悬疑,Nan
1308086,贾宏声,王彤,贾凤森,Nan,Nan,剧情,音乐,传记
3026559,瑞恩·高斯林,克莱尔·芙伊,杰森·克拉克,凯尔·钱德勒,寇瑞·斯托尔,剧情,传记,历史
26969115,约翰·艾德坡,怀亚特·罗素,马蒂尔德·奥利维耶,皮鲁·埃斯贝克,约翰·马加罗,动作,科幻,恐怖
27073234,罗温·艾金森,本·米勒,欧嘉·柯瑞兰寇,杰克·莱西,艾玛·汤普森,喜剧,动作,冒险
1300699,格温妮斯·帕特洛,克里斯蒂娜·艾伯盖特,马克·鲁弗洛,坎迪斯·伯根,麦克·梅尔斯,喜剧,爱情,Nan
24299053,罗伯特·雷德福,茜茜·斯派塞克,卡西·阿弗莱克,丹尼·格洛弗,汤姆·威兹,剧情,喜剧,犯罪
26952704,哈利·米尔林,佐伊·卡赞,连姆·尼森,詹姆斯·弗兰科,大卫·克鲁霍尔特兹,喜剧,歌舞,西部
2997325,段奕宏,张译,张国强,邢佳栋,李晨,历史,战争,Nan
27199784,Nan,Nan,Nan,Nan,Nan,纪录片,Nan,Nan
26602244,刘昊然,谭松韵,王栎鑫,董晴,李砚,剧情,爱情,Nan
30432809,撒贝宁,康震,廖昌永,朱丹,王源,音乐,真人秀,Nan
1302874,张国荣,巩俐,林健寰,何赛飞,任雷,剧情,爱情,Nan
26936282,翟毓红,许子东,杨雨,林更新,归亚蕾,脱口秀,Nan,Nan
30353394,廖昌永,尚雯婕,刘宪华,石倚洁,阿云嘎,音乐,真人秀,Nan
1292220,中山美穗,丰川悦司,酒井美纪,柏原崇,范文雀,剧情,爱情,Nan
30263969,范洪涛,张琳,黄宝龙,温正邦,古玉枫,剧情,家庭,儿童
28427782,伊利莎·德尔·吉尼欧,卢多维卡·纳斯提,玛格丽塔·马祖可,盖娅·吉拉切,Nan,剧情,Nan,Nan
30263995,王大陆,林允,陈柏融,蔡思韵,邰智源,喜剧,爱情,Nan
26844135,亚历克斯·罗伊,伊琳·珀威尔,查德·洛克,袁文忠,丽纳·欧文,剧情,奇幻,Nan
27016555,瑞秋·布罗斯纳安,迈克尔·泽根,艾利克斯·布诺斯町,托尼·夏尔赫布,玛琳·辛科,剧情,喜剧,Nan
26604456,佩德罗·帕斯卡,瓦格纳·马拉,波伊德·霍布鲁克,鲍琳娜·盖坦,乔安娜,剧情,动作,犯罪
25850640,瓦格纳·马拉,乔安娜,克里斯蒂,莫里斯·孔特,波伊德·霍布鲁克,剧情,动作,传记
1302531,刘家辉,惠英红,王龙威,Nan,Nan,剧情,喜剧,动作
27107140,高杉真宙,Lynn,藤井雪代,内田雄马,福岛润,爱情,动画,Nan
1793491,帕顿·奥斯瓦尔特,彼得·奥图尔,布拉德·加内特,伊安·霍姆,卢·罗曼诺,喜剧,动画,奇幻
10540066,周润发,黄晓明,洪金宝,吴镇宇,袁泉,剧情,动作,Nan
30259908,Nan,Nan,Nan,Nan,Nan,喜剧,动画,短片
26339248,古川慎,石川界人,梶裕贵,悠木碧,中村悠一,剧情,动作,动画
26425068,甄子丹,刘德华,姜皓文,郑则仕,刘浩龙,动作,犯罪,Nan
1950148,詹姆斯·麦卡沃伊,西尔莎·罗南,凯拉·奈特莉,本尼迪克特·康伯巴奇,布兰达·布莱斯,剧情,爱情,悬疑
1920805,安妮·海瑟薇,詹姆斯·麦卡沃伊,朱丽·沃特斯,詹姆斯·克伦威尔,玛吉·史密斯,剧情,爱情,传记
26434819,天海祐希,Nan,Nan,Nan,Nan,纪录片,Nan,Nan
1292402,莫妮卡·贝鲁奇,朱塞佩·苏尔法罗,Luciano,Federico,玛蒂尔德·皮亚纳,剧情,情色,战争
1292709,诺曼·麦克唐纳徳,杰克·瓦尔登,阿尔蒂·兰格,亚当·桑德勒,特蕾勒·霍华德,喜剧,Nan,Nan
26997630,丹妮尔·麦克唐纳,詹妮弗·安妮斯顿,奥德娅·拉什,麦迪·贝里欧,贝克斯·泰勒-克劳斯,剧情,喜剧,歌舞
1299556,梅丽尔·斯特里普,布鲁斯·威利斯,歌蒂·韩,伊莎贝拉·罗西里尼,南茜·费什,喜剧,Nan,Nan
27092648,桑德拉·布洛克,崔凡特·罗兹,约翰·马尔科维奇,莎拉·保罗森,杰基·韦佛,剧情,科幻,惊悚
26817018,中川大志,饭丰万理江,叶山奖之,平祐奈,冈田浩晖,喜剧,Nan,Nan
26580232,马里奥·卡萨斯,阿娜·瓦格纳,何塞·科罗纳多,巴巴拉·莱涅,弗兰塞斯克·奥雷利亚,剧情,悬疑,惊悚
26611076,小松菜奈,菅田将晖,重冈大毅,上白石萌音,志磨辽平,剧情,爱情,Nan
26425035,山崎贤人,桥本环奈,新井浩文,吉泽亮,笠原秀幸,喜剧,Nan,Nan
26783513,桐谷美玲,山崎贤人,三浦翔平,野村周平,大原樱子,剧情,Nan,Nan
27187285,山崎贤人,门胁麦,弓削智久,新田真剑佑,新木优子,剧情,爱情,Nan
26788941,入山法子,志尊淳,竹财辉之助,柳百合菜,野吕佳代,剧情,爱情,Nan
27037053,东出昌大,唐田英里佳,濑户康史,山下莉绪,伊藤沙莉,剧情,爱情,Nan
1766086,房祖名,周韵,姜文,黄秋生,陈冲,剧情,奇幻,Nan
4824969,唐希信,Nan,Nan,Nan,Nan,纪录片,传记,历史
4073872,历百程,石珍珠,Nan,Nan,Nan,纪录片,Nan,Nan
30295871,巴斯特·基顿,Nan,Nan,Nan,Nan,纪录片,Nan,Nan
2301738,茂山千作,茂山茂,茂山童司,茂山七五三,茂山逸平,动画,短片,Nan
2297265,于尔根·福格尔,弗雷德里克·劳,马克思·雷迈特,詹妮弗·乌尔里希,克里斯蒂安娜·保罗,剧情,惊悚,Nan
30482958,Nan,Nan,Nan,Nan,Nan,剧情,奇幻,Nan
1292330,李天禄,辛树芬,王晶文,柯宇纶,Nan,剧情,爱情,Nan
1300572,游安顺,田丰,梅芳,唐如韫,萧艾,剧情,家庭,传记
1293155,罗伯特·德尼罗,凯西·莫拉蒂,乔·佩西,弗兰克·文森特,特雷萨·萨尔达娜,剧情,传记,运动
1296753,亨弗莱·鲍嘉,英格丽·褒曼,保罗·亨雷德,克劳德·雷恩斯,康拉德·韦特,剧情,爱情,战争
26004132,迪伦·奥布莱恩,卡雅·斯考达里奥,李起弘,托马斯·布罗迪-桑斯特,罗莎·萨拉查,动作,科幻,冒险
1293173,安吉丽娜·朱莉,强·沃特,伊恩·格雷,诺亚·泰勒,丹尼尔·克雷格,动作,冒险,Nan
3546595,古天乐,梁小冰,温碧霞,张兆辉,张翼,剧情,武侠,古装
1906453,郑少秋,罗嘉良,张智霖,陈松伶,宣萱,剧情,Nan,Nan
2990072,张家辉,蔡少芬,周海媚,黄日华,陈锦鸿,剧情,Nan,Nan
2157191,郑少秋,郑伊健,郭晋安,郭蔼明,陈松伶,剧情,Nan,Nan
1306785,汤姆·汉克斯,埃迪·狄森,诺娜·加耶,彼得·斯科拉里,莱斯利·泽米吉斯,动画,家庭,奇幻
1299247,皮尔斯·布鲁斯南,杨紫琼,乔纳森·普雷斯,泰瑞·海切尔,朱迪·丹奇,动作,惊悚,冒险
26815054,朴宝英,朴炯植,金志洙,安宇延,Nan,剧情,Nan,Nan
6846495,格雷戈瓦·勒普兰斯-林盖,达尼埃莱·莱布伦,格莱高利·嘉德波瓦,埃默琳·格,Nicolas,剧情,悬疑,惊悚
30367709,吕珍九,李世荣,金相庆,权海虓,张光,剧情,古装,Nan
30337903,David,Pujol,Montse,Aguer,Nan,纪录片,Nan,Nan
1302966,沃纳·赫尔佐格,笠智众,Nan,Nan,Nan,纪录片,Nan,Nan
1293460,吉恩·凯利,唐纳德·奥康纳,黛比·雷诺斯,简·哈根,米勒德·米切尔,喜剧,爱情,歌舞
2244363,刘若英,张延,陈好,薛佳凝,张世,剧情,喜剧,爱情
25793398,奥丽伊·卡瓦洛,道恩·强森,瑞切尔·豪斯,特穆拉·莫里森,杰梅奈·克莱门特,动画,歌舞,奇幻
1301646,凯瑟琳·德纳芙,尼诺·卡斯泰尔诺沃,安妮·维尔侬,马克·米歇尔,埃朗·法尔内,剧情,爱情,歌舞
1292757,梅尔·布兰科,弗兰基·达罗,克里夫·爱德华兹,Dickie,Jones,剧情,动画,音乐
1433577,乔纳森·莱斯·梅耶斯,斯嘉丽·约翰逊,马修·古迪,艾米莉·莫迪默,布莱恩·考克斯,剧情,爱情,悬疑
1305487,莱昂纳多·迪卡普里奥,汤姆·汉克斯,克里斯托弗·沃肯,马丁·辛,艾米·亚当斯,剧情,传记,犯罪
6860160,休·杰克曼,罗素·克劳,安妮·海瑟薇,阿曼达·塞弗里德,萨莎·拜伦·科恩,剧情,爱情,歌舞
1304665,役所广司,萩原圣人,氏木毅,中川安奈,洞口依子,悬疑,惊悚,恐怖
25911595,刘亦菲,宋承宪,欧弟,江语晨,孟佳,爱情,Nan,Nan
7054120,罗里·金奈尔,鲁伯特·艾弗雷特,丹尼尔·卡卢亚,托比·凯贝尔,杰西卡·布朗·芬德利,剧情,科幻,惊悚
26774017,郑恺,张雨绮,徐冬冬,方力申,林子聪,喜剧,爱情,Nan
25802411,李宝英,曹承佑,车善玗,鲁敏宇,金太祐,剧情,Nan,Nan
26947951,朱智勋,裴斗娜,柳承龙,金相浩,周锡泰,剧情,动作,惊悚
26370296,玛克辛·皮克,罗里·金奈尔,蒂姆·麦克纳尼,戴维·鲍姆伯,里奥·比尔,剧情,历史,Nan
30196877,Nan,Nan,Nan,Nan,Nan,Nan,Nan,Nan
27664846,安德鲁·林肯,诺曼·瑞杜斯,梅丽莎·麦克布莱德,劳伦·科汉,丹娜·奎里拉,剧情,科幻,惊悚
26966758,梅尔·吉布森,詹妮弗·卡朋特,文斯·沃恩,劳瑞·侯登,唐·约翰逊,剧情,动作,惊悚
2464346,Christian,Friedel,Ernst,Jacobi,Leonie,剧情,悬疑,Nan
26588314,西尔莎·罗南,劳里·梅特卡夫,崔西·莱茨,卢卡斯·赫奇斯,蒂莫西·柴勒梅德,剧情,家庭,Nan
1291858,姜文,香川照之,袁丁,姜宏波,丛志军,剧情,历史,战争
1292064,金·凯瑞,劳拉·琳妮,艾德·哈里斯,诺亚·艾默里奇,娜塔莎·麦克艾霍恩,剧情,科幻,Nan
27197086,金惠秀,刘亚仁,许峻豪,赵宇镇,文森特·卡索,剧情,Nan,Nan
26996640,古天乐,张智霖,郑嘉颖,邓丽欣,栢天男,剧情,动作,犯罪
26984526,陈宝国,冯远征,许晴,曹可凡,陈月末,剧情,Nan,Nan
27065898,成龙,阮经天,钟楚曦,林柏宏,林鹏,喜剧,动作,奇幻
27011763,伊藤节生,樱井孝宏,大塚明夫,入野自由,松冈祯丞,剧情,动画,奇幻
27141125,金·凯瑞,弗兰克·兰格拉,凯瑟琳·基纳,朱迪·格雷尔,科尔·艾伦,剧情,喜剧,Nan
3578781,平野绫,茅原实里,杉田智和,小野大辅,后藤邑子,喜剧,动画,Nan
2224505,平野绫,福原香织,加藤英美里,远藤绫,Nan,喜剧,动画,Nan
4848701,本多真梨子,相泽舞,富樫美铃,今野宏美,古谷静佳,动画,Nan,Nan
6894811,入野自由,杉田智和,铃村健一,冈本信彦,浪川大辅,剧情,喜剧,动画
25850705,中村悠一,小泽亚李,Ari,Ozawa,冈本信彦,喜剧,动画,Nan
26290410,苏尚卿,王一博,段艺璇,马斑马,慧明,爱情,动画,Nan
30384357,杨幂,邓伦,魏大勋,谢依霖,黄明昊,真人秀,Nan,Nan
30165621,王凯,张国立,张铁林,王刚,严屹宽,真人秀,Nan,Nan
1293172,尊龙,陈冲,邬君梅,彼得·奥图尔,英若诚,剧情,传记,历史
10439239,焦俊艳,魏大勋,杨廷东,王子璇,魏天浩,剧情,悬疑,Nan
30329046,何炅,撒贝宁,王鸥,白敬亭,吴映洁,真人秀,Nan,Nan
27069427,郑伊健,陈小春,谢天华,钱嘉乐,林晓峰,动作,犯罪,Nan
27101749,哈维尔·古铁雷斯,玛利亚·莱昂,阿德尔法·卡尔沃,阿德里安娜·帕兹,特诺切·韦尔塔,剧情,喜剧,Nan
30201003,卢克·普拉尔,斯特林·杰里斯,威尔·帕顿,科比·乔治,卡丁·乔治,悬疑,恐怖,Nan
1862151,郭涛,刘桦,连晋,黄渤,徐峥,喜剧,犯罪,Nan
26630714,亚当·桑德勒,凯瑟琳·哈恩,史蒂夫·布西密,赛琳娜·戈麦斯,阿什·布林克夫,喜剧,动画,奇幻
1294561,李连杰,杨紫琼,钱小豪,袁洁莹,袁祥仁,喜剧,动作,武侠
1304073,孙艺珍,曹承佑,赵寅成,李己雨,金秉玉,剧情,爱情,Nan
4321270,道斯·巴特勒,里德·科菲,约瑟夫·巴伯拉,威廉·汉纳,特克斯·艾弗里,喜剧,动画,家庭
30371518,Nan,Nan,Nan,Nan,Nan,纪录片,Nan,Nan
25966028,陶虹,张鲁一,周一围,李天柱,谢园,剧情,战争,Nan
30378752,坂元裕二,高桥一生,满岛光,瑛太,Nan,纪录片,Nan,Nan
30219684,远藤宪一,Nan,Nan,Nan,Nan,纪录片,Nan,Nan
27176018,Nan,Nan,Nan,Nan,Nan,纪录片,Nan,Nan
26761416,加里·奥德曼,克里斯汀·斯科特·托马斯,莉莉·詹姆斯,本·门德尔森,斯蒂芬·迪兰,剧情,传记,历史
10727641,汤姆·克鲁斯,杰瑞米·雷纳,西蒙·佩吉,丽贝卡·弗格森,文·瑞姆斯,动作,惊悚,冒险
25815034,张涵予,彭于晏,孙淳,陈宝国,冯文娟,动作,犯罪,Nan
27083561,石见舞菜香,入野自由,樱井优辉,茅野爱衣,梶裕贵,动画,奇幻,Nan
26579374,佟大为,刘诗诗,保剑锋,孙之鸿,辛芷蕾,剧情,爱情,Nan
3530403,汤姆·汉克斯,哈莉·贝瑞,吉姆·布劳德本特,雨果·维文,吉姆·斯特吉斯,剧情,科幻,悬疑
3008247,阿萨·巴特菲尔德,维拉·法米加,卡拉·霍根,祖萨·霍尔,安贝尔·比蒂,剧情,战争,Nan
1466007,拉达·米切尔,肖恩·宾,劳瑞·侯登,黛博拉·卡拉·安格,金·寇兹,悬疑,恐怖,Nan
6731992,亚历克斯·布伦德缪尔,托马斯·勒马尔奎斯,Ilias,Stothart,Mot,剧情,悬疑,惊悚
26838164,菲比·沃勒-布里奇,比尔·帕特森,茜安·克利福德,本·奥德里基,奥利维娅·科尔曼,剧情,喜剧,Nan
10743963,布丽·拉尔森,伍迪·哈里森,娜奥米·沃茨,艾拉·安德森,钱德勒·海德,剧情,家庭,传记
21447058,山姆·洛克威尔,安娜·肯德里克,蒂姆·罗斯,詹姆斯·兰索恩,安松·蒙特,喜剧,动作,爱情
26864096,佐藤健,玉山铁二,城田优,千叶雄大,川荣李奈,剧情,动作,奇幻
27036366,Sofia,Buenaventura,Julian,Giraldo,Karen,剧情,Nan,Nan
1306626,让·内格罗尼,埃莱娜·夏特兰,达沃斯·哈尼奇,雅克·勒杜,André,剧情,爱情,科幻
1294518,让·达斯特,Robert,le,Flon,Du,剧情,喜剧,短片
1303418,卡洛·朗白,杰克·本尼,罗伯特·斯塔克,菲利克斯·布雷萨特,莱昂内尔·阿特威尔,喜剧,战争,Nan
26369884,马特·狄龙,布鲁诺·甘茨,乌玛·瑟曼,希芳·法隆,苏菲·格拉宝,喜剧,惊悚,犯罪
1293936,斯特林·海登,小伊莱莎·库克,文斯·爱德华兹,杰伊·C·弗利朋,玛丽·温莎,惊悚,犯罪,黑色电影
27018285,苏志燮,孙艺珍,金智焕,金贤秀,李有镇,剧情,爱情,奇幻
26042888,Nan,Nan,Nan,Nan,Nan,动画,短片,Nan
26586766,道恩·强森,凯文·哈特,杰克·布莱克,凯伦·吉兰,尼克·乔纳斯,动作,奇幻,冒险
7056414,连姆·尼森,维拉·法米加,帕特里克·威尔森,乔纳森·班克斯,山姆·尼尔,动作,惊悚,犯罪
6390825,查德维克·博斯曼,露皮塔·尼永奥,迈克尔·B·乔丹,丹娜·奎里拉,马丁·弗瑞曼,动作,科幻,冒险
20435622,约翰·博耶加,斯科特·伊斯特伍德,卡莉·史派妮,景甜,查理·戴,动作,科幻,冒险
26614893,马可·贾利尼,卡夏·斯穆特尼亚克,爱德华多·莱奥,阿尔巴·罗尔瓦赫尔,瓦莱里奥·马斯坦德雷亚,剧情,喜剧,Nan
27110363,高山南,山口胜平,山崎和佳奈,小山力也,绪方贤一,动画,悬疑,Nan
30228909,马东,蔡康永,高晓松,李诞,薛兆丰,脱口秀,Nan,Nan
30139731,翟天临,尹正,白冰,颜卓灵,李若宁,悬疑,犯罪,Nan
1307811,高山南,佐久间玲,户田惠子,山口胜平,信泽三惠子,动画,奇幻,冒险
4221462,海拉·西尔玛,雨果·维文,金吉,罗伯特·席安,莱拉·乔治,动作,科幻,冒险
2300586,大卫·李·史密斯,托尼·托德,约翰·比灵斯列,安妮卡·彼得森,阿丽西丝·索普,剧情,科幻,Nan
26298756,韩东君,金晨,陈瑶,张若昀,孔连顺,剧情,喜剧,悬疑
30377729,菅田将晖,永野芽郁,今田美樱,片寄凉太,上白石萌歌,剧情,悬疑,Nan
27121232,神谷浩史,井上和彦,伊藤美纪,伊藤荣次,堀江一真,剧情,动画,奇幻
30299805,张娜拉,崔振赫,申成禄,李伊利雅,申恩庆,剧情,爱情,Nan
26675617,夏雨,乔振宇,蔡文静,田中千绘,王刚,剧情,悬疑,冒险
30337114,赵立新,黄维德,何雨桐,赵晏博,陈晨,真人秀,Nan,Nan
6010171,美山加恋,优香,坂口芳贞,谷育子,小川刚生,剧情,动画,Nan
30304087,廉晶雅,李泰兰,尹世雅,吴娜拉,金瑞亨,剧情,Nan,Nan
25723583,成龙,皮尔斯·布鲁斯南,刘涛,梁佩诗,夏莉·墨菲,动作,犯罪,Nan
26581830,李兰迪,张新成,周澄奥,李牵,许梦圆,剧情,爱情,Nan
27040844,Nan,Nan,Nan,Nan,Nan,纪录片,Nan,Nan
26897009,苏扬,杨烁,Nan,Nan,Nan,纪录片,Nan,Nan
30316597,万茜,Nan,Nan,Nan,Nan,纪录片,Nan,Nan
4212172,成龙,权相宇,廖凡,姚星彤,张蓝心,喜剧,动作,冒险
6872273,刘德华,郑秀文,郭涛,高圆圆,王紫逸,喜剧,爱情,悬疑
30122633,张子枫,彭昱畅,赵今麦,孙泽源,周翊然,喜剧,奇幻,Nan
26647117,宋洋,姜武,袁文康,谭卓,王梓尘,剧情,悬疑,犯罪
1945750,道格拉斯·布斯,机关枪凯利,丹尼尔·韦伯,伊万·瑞恩,约书亚·米克尔,音乐,传记,Nan
30349667,克里斯蒂亚娜,‧德‧布奥恩,本杰明·温赖特,斯科特·特纳·菲尔德,塞马斯·F·萨金特,传记,Nan,Nan
1295914,长谷川一夫,京町子,山形勋,黑川弥太郎,坂东好太郎,剧情,爱情,历史
1389924,二宫和也,松浦亚弥,铃木杏,中村梅雀,Nan,剧情,爱情,犯罪
1329562,周杰伦,黄秋生,铃木杏,杜汶泽,钟镇涛,剧情,动作,Nan
25866686,科洛·莫瑞兹,尼克·罗宾森,朗·里维斯顿,玛姬·丝弗,亚历克斯·罗伊,动作,科幻,惊悚
26861685,张译,黄景瑜,海清,杜江,蒋璐霞,动作,战争,Nan
25662329,金妮弗·古德温,杰森·贝特曼,伊德里斯·艾尔巴,珍妮·斯蕾特,内特·托伦斯,喜剧,动画,冒险
1291560,日高法子,坂本千夏,糸井重里,岛本须美,北林谷荣,动画,奇幻,冒险
1299112,笠智众,寺尾聪,原田美枝子,倍赏美津子,小野真理惠,剧情,奇幻,Nan
26997663,艾米莉·布朗特,约翰·卡拉辛斯基,米利森特·西蒙兹,诺亚·尤佩,凯德·伍德沃德,惊悚,恐怖,Nan
2051453,多米尼克·斯万,穆罕穆德·根塞尔,乌多·基尔,大卫·卡拉丁,Nan,恐怖,Nan,Nan
3291933,Karl,Ashman,Geoff,Bell,Anna,悬疑,惊悚,恐怖
27045854,阿萨·巴特菲尔德,芬恩·科尔,赫敏·科菲尔德,麦克·辛,西蒙·佩吉,喜剧,动作,恐怖
26684528,科林·费尔斯,蕾雅·赛杜,马提亚斯·修奈尔,迈克尔·恩奎斯特,马克斯·冯·叙多夫,剧情,历史,灾难
27109553,妮可·基德曼,托比·凯贝尔,塔提阿娜·玛斯拉尼,塞巴斯蒂安·斯坦,斯科特·麦克纳里,剧情,惊悚,犯罪
1307405,弗雷德里克·斯坦福德,范·强生,弗朗西斯科·拉瓦尔,伊妲·伽利,路易吉·皮斯蒂利,剧情,战争,Nan
26863778,郑雨盛,郭度沅,金甲洙,金义城,李璟荣,剧情,动作,Nan
1295644,让·雷诺,娜塔莉·波特曼,加里·奥德曼,丹尼·爱罗,彼得·阿佩尔,剧情,动作,犯罪
2993080,张颂文,罗曼君,刘云明,陈祥生,张鹏,剧情,喜剧,古装
1293050,朱莉娅·罗伯茨,阿尔伯特·芬尼,康查塔·费雷尔,艾伦·艾克哈特,玛格·海根柏格,剧情,爱情,传记
1292778,巴斯特·基顿,玛丽昂·马克,格伦·卡文德,吉姆·法利,弗雷德里克·弗鲁姆,剧情,喜剧,动作
1291839,哈里森·福特,鲁特格尔·哈尔,肖恩·杨,爱德华·詹姆斯·奥莫斯,M·埃梅特·沃尔什,科幻,惊悚,Nan
2997297,赵本山,范伟,王雅捷,孟真,赵钢,喜剧,Nan,Nan
6039412,布蕾克·莱弗利,米契尔·哈思曼,哈里森·福特,艾伦·伯斯汀,凯西·贝克,剧情,爱情,奇幻
1295742,西尔维斯特·史泰龙,塔莉娅·夏尔,波特·杨,卡尔·韦瑟斯,布吉斯·梅迪斯,剧情,爱情,运动
26724235,柯震东,吴可熙,王兴洪,赵德富,郑梦兰,剧情,爱情,Nan
24753477,汤姆·赫兰德,小罗伯特·唐尼,玛丽莎·托梅,迈克尔·基顿,雅各布·巴特朗,动作,科幻,冒险
26728641,萨尔曼·汗,安努舒卡·莎玛,马雷塞·克伦普,泰伦·伍德利,罗恩·斯穆安伯格,剧情,运动,Nan
30223840,本尼迪克特·康伯巴奇,李·博德曼,奥利弗·莫尔特曼,马尔科姆·弗里曼,莎拉·贝尔彻,剧情,Nan,Nan
27061582,赵又廷,马东,蔡康永,高晓松,方文山,脱口秀,Nan,Nan
11803087,迈克尔·法斯宾德,凯瑟琳·沃特斯顿,比利·克鲁德普,丹尼·麦克布莱德,德米安·比齐尔,科幻,恐怖,Nan
6311303,约翰尼·德普,哈维尔·巴登,杰弗里·拉什,布伦顿·思韦茨,卡雅·斯考达里奥,动作,奇幻,冒险
27133913,约翰·大卫·华盛顿,亚历克·鲍德温,小伊塞亚·维特洛克,罗伯特·约翰·伯克,布赖恩·塔伦蒂诺,剧情,传记,犯罪
27615564,弗兰克·盖思堂彼得,马利克·班泽拉,伯纳尔·法西,塞尔维托·埃斯波西多,萨巴纳·奥扎尼,喜剧,动作,犯罪
26416062,克里斯·帕拉特,布莱丝·达拉斯·霍华德,贾斯蒂斯·史密斯,伊莎贝拉·瑟蒙,拉菲·斯波,动作,科幻,冒险
25846857,约翰·塞纳,凯特·麦克金农,莉莉·戴,鲍比·坎纳瓦尔,安东尼·安德森,喜剧,动画,冒险
27021609,艾米·舒默,米歇尔·威廉姆斯,汤姆·霍珀,罗里·斯卡沃,阿德里安·马丁斯,喜剧,Nan,Nan
25964630,乔恩·哈姆,拉菲·斯波,奥娜·卓别林,娜塔丽·特纳,詹妮特·蒙哥马利,剧情,科幻,惊悚
1309044,汤姆·克鲁斯,达科塔·范宁,米兰达·奥图,贾斯汀·查特文,蒂姆·罗宾斯,科幻,惊悚,灾难
3212398,梅丽莎·麦卡西,克里斯汀·韦格,凯特·麦克金农,莱斯莉·琼斯,克里斯·海姆斯沃斯,喜剧,动作,科幻
25864085,马特·达蒙,杰西卡·查斯坦,克里斯汀·韦格,杰夫·丹尼尔斯,迈克尔·佩纳,剧情,科幻,冒险
1652587,萨姆·沃辛顿,佐伊·索尔达娜,西格妮·韦弗,史蒂芬·朗,米歇尔·罗德里格兹,动作,科幻,战争
26363251,金叡园,申宝拉,金九拉,洪恩熙,金亨石,音乐,真人秀,Nan
26735575,阮经天,魏晨,徐璐,撒贝宁,林更新,真人秀,Nan,Nan
26657834,于朦胧,鞠婧祎,裴子添,肖燕,聂子皓,剧情,爱情,奇幻
20445146,刘涛,张铎,奚美娟,吕中,刘蓓,剧情,家庭,Nan
30290642,姜思达,朱亚文,张雨绮,官鸿,杨超越,真人秀,Nan,Nan
25975293,易中天,于丹,王立群,刘心武,周汝昌,脱口秀,Nan,Nan
26642149,Nan,Nan,Nan,Nan,Nan,真人秀,Nan,Nan
25955488,荷丽黛·格兰杰,詹姆斯·诺顿,理查德·麦登,朱迪·科默,爱德华·霍尔克罗夫特,剧情,爱情,Nan
3821067,梁朝伟,章子怡,张震,宋慧乔,赵本山,剧情,动作,爱情
6815028,王鹏凯,周子茵,朱一龙,杨净如,王春妹,剧情,爱情,Nan
26457368,菲奥娜·戈登,多米尼克·阿贝尔,埃玛妞·丽娃,皮埃尔·里夏尔,埃米·博萨德·普梅拉,喜剧,爱情,Nan
1291580,乌玛·瑟曼,刘玉玲,薇薇卡·福克斯,达丽尔·汉纳,大卫·卡拉丁,动作,惊悚,犯罪
1466910,孙艺珍,宋一国,玄英,朴俊奎,洪石阡,喜剧,爱情,Nan
25831874,宋慧乔,宋仲基,金智媛,晋久,李成俊,剧情,爱情,Nan
27155457,李星民,金相浩,陈庆,郭时旸,朴春,悬疑,惊悚,Nan
1304536,舒淇,张智霖,林熙蕾,吴君如,麦家琪,剧情,动作,爱情
1946066,梅婷,吴健,郭晓东,刘若英,黄梅莹,家庭,Nan,Nan
30295908,朱亚文,刘芸,归亚蕾,方青卓,李大光,动画,歌舞,家庭
26720627,邓育凯,蔡凡熙,陈珮骐,刘奕儿,林姵妡,剧情,恐怖,Nan
2137327,布伦顿·思韦茨,安娜·迪奥普,蒂根·克罗夫特,瑞恩·波特,林赛·高特,动作,科幻,奇幻
3012013,丹泽尔·华盛顿,马尔顿·索克斯,科洛·莫瑞兹,大卫·哈伯,海莉·贝内特,动作,惊悚,犯罪
25917789,波伊德·霍布鲁克,崔凡特·罗兹,雅各布·特伦布莱,科甘-迈克尔·凯,奥立薇娅·玛恩,动作,科幻,惊悚
1305858,马丽娜·祖金娜,菲·雷普利,艾凡·里察斯,奥列格·扬科夫斯基,Igor,悬疑,惊悚,犯罪
1296703,绪形拳,清川虹子,倍赏美津子,坂本澄子,左顿平,剧情,家庭,Nan
26627754,丹妮拉·维加,弗朗西斯科·雷耶斯,路易斯·尼科,艾琳·库彭海姆,尼古拉斯·萨维德拉,剧情,同性,Nan
27602137,李知恩,李善均,高斗心,宋诗曦,张基龙,剧情,Nan,Nan
26887064,李钟硕,裴秀智,李相烨,丁海寅,高圣熙,爱情,奇幻,Nan
27103757,李民基,郑素敏,朴秉恩,李絮,金玟锡,剧情,爱情,Nan
26794215,曼迪·摩尔,米洛·文堤米利亚,贾斯汀·哈特雷,克丽丝·梅斯,斯特林·K·布朗,剧情,家庭,Nan
26310143,李帝勋,赵震雄,金惠秀,张铉诚,金元海,剧情,科幻,悬疑
25867544,海莉·阿特维尔,詹姆斯·达西,查德·迈克尔·墨瑞,安维尔·乔卡亚,谢伊·惠格姆,动作,科幻,冒险
25884422,维奥拉·戴维斯,马特·麦高瑞,凯蒂·芬德莱,卡拉·索萨,杰克·法拉赫,剧情,悬疑,犯罪
3750104,马丁·辛,艾米利奥·艾斯特维兹,黛博拉·卡拉·安格,约里克·范·韦杰宁根,詹姆斯·内斯比特,剧情,喜剧,冒险
6722879,杰昆·菲尼克斯,斯嘉丽·约翰逊,艾米·亚当斯,鲁妮·玛拉,奥利维亚·王尔德,剧情,爱情,科幻
27617348,孔晓振,金叡园,金圣武,赵福来,李家燮,悬疑,惊悚,Nan
3036997,蒋雯丽,张瑶,李光洁,董璇,焦刚,剧情,Nan,Nan
1895119,凯文·贝肯,凯利·普雷斯顿,加内特·赫德兰,Nan,Nan,剧情,动作,惊悚
1306505,姜文,巩俐,滕汝骏,钱明,陈志刚,剧情,爱情,历史
6536180,基姆·古铁雷斯,克拉拉·拉戈,马丁娜·加西亚,亚历山德拉·斯图尔特,玛利亚·罗德里格斯,剧情,悬疑,惊悚
1301582,休·格兰特,克里斯汀·斯科特·托马斯,艾玛纽尔·塞尼耶,彼德·考约特,Nan,剧情,爱情,惊悚
30146756,路知行,阎萌萌,褚珺,边江,山新,动画,奇幻,Nan
27202985,潘粤明,高伟光,辛芷蕾,曹卫宇,盛冠森,动作,奇幻,冒险
30317630,麦肯娜·格瑞丝,卡拉·布欧诺,罗伯·劳,帕蒂·麦克马科,莎拉·杜格代尔,剧情,悬疑,恐怖
27166974,郝蕾,刘帅良,裴魁山,韩彦博,大力,剧情,喜剧,Nan
27202825,丹尼拉·科兹洛夫斯基,伊琳娜·戈尔巴乔娃,安德烈·斯莫利亚科夫,奥莉亚·祖耶娃,弗拉基米尔·伊利因,剧情,运动,Nan
26815162,小日向文世,深津绘里,泉泽祐希,葵若菜,时任三郎,喜剧,家庭,Nan
26813286,冯巩,毛俊杰,刘昊然,牛莉,贾玲,喜剧,Nan,Nan
26862829,黄轩,苗苗,钟楚曦,杨采钰,李晓峰,剧情,历史,战争
1292720,汤姆·汉克斯,罗宾·怀特,加里·西尼斯,麦凯尔泰·威廉逊,莎莉·菲尔德,剧情,爱情,Nan
26940008,富田美优,伊濑茉莉也,井泽诗织,大原沙耶香,丰崎爱生,动画,奇幻,Nan
26287884,查理兹·塞隆,马修·麦康纳,拉尔夫·费因斯,阿特·帕金森,鲁妮·玛拉,动画,奇幻,冒险
27126350,宫野真守,樱井孝宏,花泽香菜,杉田智和,梶裕贵,动作,科幻,动画
1292062,凯文·史派西,安妮特·贝宁,索拉·伯奇,韦斯·本特利,米娜·苏瓦丽,剧情,爱情,家庭
6538697,凯文·科斯特纳,伍迪·哈里森,凯西·贝茨,金·迪肯斯,约翰·卡洛·林奇,剧情,悬疑,惊悚
30154537,索菲亚·波多拉,Romain,Guillermic,Souheila,Yacoub,剧情,惊悚,歌舞
6889533,阿部宽,石原里美,村上昭二,能年玲奈,小柳友,剧情,悬疑,Nan
27012900,柯宾·伯恩森,Yuliya,Zelenskaya,克里斯蒂娜·碧曼诺娃,Oksana,惊悚,恐怖,Nan
10774104,孙艺珍,朴海日,罗美兰,郑尚勋,金所泫,剧情,历史,Nan
25823132,全智贤,李政宰,河正宇,吴达洙,赵震雄,剧情,动作,历史
26945131,李帝勋,白秀章,权律,闵镇雄,崔嬉序,剧情,动作,传记
30461808,高雅星,金玺碧,金艺恩,丁夏潭,류경수,剧情,Nan,Nan
27026004,南沙良,莳田彩珠,萩原利久,池田朱那,柿本朱里,剧情,Nan,Nan
30481877,Nan,Nan,Nan,Nan,Nan,Nan,Nan,Nan
1291824,乔什·哈奈特,伊万·麦克格雷格,汤姆·塞兹摩尔,金·寇兹,艾文·布莱纳,动作,历史,战争
27198855,阿克谢·库玛尔,拉迪卡·艾普特,索娜姆·卡普尔,乔蒂·苏巴,森尔·辛,剧情,喜剧,传记
3793783,桑德拉·布洛克,乔治·克鲁尼,艾德·哈里斯,奥托·伊格内修森,法尔杜特·夏尔马,科幻,惊悚,灾难
27073291,弗拉季米尔·弗多维琴科夫,帕维尔·杰列维扬科,柳波芙·阿克肖诺娃,欧克萨娜·范德拉,玛丽亚·米罗诺娃,动作,冒险,Nan
6024544,布莱恩·考克斯,Brian,Edward,Cox,斯蒂文·麦金托什,纪录片,Nan,Nan
1296339,伊桑·霍克,朱莉·德尔佩,安德莉亚·埃克特,汉诺·波西尔,Karl,剧情,爱情,Nan
20495023,安东尼·冈萨雷斯,盖尔·加西亚·贝纳尔,本杰明·布拉特,阿兰纳·乌巴奇,芮妮·维克托,喜剧,动画,音乐
19899649,姜惠贞,尹汝贞,朴熙顺,金敏喜,金玉彬,剧情,Nan,Nan
30459706,Nan,Nan,Nan,Nan,Nan,Nan,Nan,Nan
30204142,罗美兰,李圣经,Nan,Nan,Nan,喜剧,动作,悬疑
30190578,Lee,Ho-Jeong,Shin,Min-Jae,Nan,剧情,爱情,Nan
25863923,Nan,Nan,Nan,Nan,Nan,Nan,Nan,Nan
27126713,全汝彬,徐永嬅,高媛熙,刘在明,徐贤宇,剧情,Nan,Nan
27623043,Nan,Nan,Nan,Nan,Nan,Nan,Nan,Nan
25717897,安在洪,Nan,Nan,Nan,Nan,喜剧,Nan,Nan
30170154,金硕珍,闵玧其,郑号锡,金南俊,朴智旻,纪录片,音乐,Nan
27029495,克里斯·派恩,斯蒂芬·迪兰,亚伦·泰勒-约翰逊,丽贝卡·罗宾,比利·豪尔,剧情,动作,传记
27099186,克里斯·派恩,英迪娅·埃斯利,勒兰德·奥瑟,杰弗森·梅斯,Nan,剧情,悬疑,Nan
1303390,西田敏行,佐藤浩市,中川安奈,渡濑恒彦,田村高广,剧情,历史,古装
6393127,马志翔,徐若瑄,温岚,田中千绘,林庆台,剧情,历史,战争
27026013,Nan,Nan,Nan,Nan,Nan,Nan,Nan,Nan
27003249,关智斌,孙雪宁,许镇耀,李诺,卢卓,喜剧,奇幻,古装
26717008,王龙华,张含韵,麦迪娜,谭凯,王艳,剧情,传记,历史
1483516,让-克洛德·德鲁奥,Claire,Drouot,Olivier,Drouot,剧情,Nan,Nan
1418267,Sébastien,Charles,Frédéric,Mangenot,Lucia,短片,Nan,Nan
1301279,Bodan,Litnanski,阿涅斯·瓦尔达,François,Wertheimer,纪录片,Nan,Nan
30170448,赞恩·阿尔·拉菲亚,约丹诺斯·希费罗,博鲁瓦蒂夫·特雷杰·班科尔,卡萨尔·艾尔·哈达德,法迪·尤瑟夫,剧情,Nan,Nan
27133218,埃蒂,卢泽·特沃斯基,Nan,Nan,Nan,纪录片,Nan,Nan
26995507,李龙滨,Nan,Nan,Nan,Nan,纪录片,Nan,Nan
30194392,何冰,王鸥,刘蓓,冯文娟,侯煜,剧情,Nan,Nan
30254438,切基·卡尤,汤姆·霍兰德,阿纳斯塔西娅·希尔,亚力克·塞克雷亚努,安娜·普洛克尼亚克,剧情,Nan,Nan
27180925,斯考特·佛雷,劳伦·科汉,阿娜·奥缇兹,泰勒·詹姆斯·威廉姆,乔什·霍普金斯,喜剧,动作,爱情
27595184,琪兰·席普卡,露茜·戴维斯,米歇尔·戈麦兹,米兰达·奥图,洁丝·辛克莱,惊悚,恐怖,Nan
3066739,小罗伯特·唐尼,格温妮斯·帕特洛,米基·洛克,斯嘉丽·约翰逊,山姆·洛克威尔,动作,科幻,冒险
30258232,谢钢,刘牧,康磊,涓子,秦楚明,剧情,历史,Nan
25857301,郑伊健,于荣光,谢天华,贾青,林晓峰,动作,爱情,悬疑
26793385,托比·凯贝尔,玛姬·格蕾斯,瑞恩·柯万腾,拉尔夫·尹爱森,梅丽莎·博洛纳,动作,惊悚,犯罪
27603669,吴克群,周依然,周键铭,苏士为,仇佩佩,喜剧,爱情,奇幻
26715845,聂远,葛天,杜奕衡,初俊辰,栾元晖,悬疑,犯罪,Nan
26910060,伊恩·阿米蒂奇,佐伊·派瑞,兰斯·巴伯,吉姆·帕森斯,怀亚特·麦克卢尔,喜剧,Nan,Nan
1300389,郑伊健,王敏德,张达明,瞿颖,Nan,喜剧,Nan,Nan
1305335,梁朝伟,王祖贤,叶德娴,秦沛,威利,爱情,奇幻,Nan
1296824,奥逊·威尔斯,琼·芳登,玛格丽特·奥布赖恩,佩吉·安·加纳,约翰·萨顿,剧情,爱情,Nan
30234315,滨津隆之,真鱼,主浜晴美,秋山柚稀,长屋和彰,喜剧,恐怖,Nan
1295253,贾森·比格斯,克里斯·克莱因,西恩·威廉·斯科特,托马斯·伊恩·尼古拉斯,艾丽森·汉妮根,喜剧,爱情,Nan
1294279,钱小豪,周润发,张曼玉,狄威,崔秀丽,动作,恐怖,Nan
27135473,周冬雨,王锵,曹瑞,Nan,Nan,剧情,Nan,Nan
30205168,哈维尔·古铁雷斯,雅典娜·玛塔,胡安·马加略,路易莎·加瓦萨,路易斯·贝尔梅霍,剧情,喜剧,运动
20645098,杰夫·布里吉斯,麦肯吉·弗依,瑞秋·麦克亚当斯,瑞利·奥斯本,詹姆斯·弗兰科,动画,奇幻,Nan
1972698,帕特里克·威尔森,卡拉·古奇诺,比利·克鲁德普,玛琳·阿克曼,杰弗里·迪恩·摩根,动作,科幻,悬疑
2132473,布拉德·皮特,米瑞·伊诺丝,马修·福克斯,埃里克·韦斯特,大卫·摩斯,动作,科幻,恐怖
26715594,皮特·霍尔姆斯,劳伦·拉普库斯,阿尔蒂·兰格,T·J·米勒,Nan,喜剧,Nan,Nan
30222729,提摩西·道尔顿,乔瓦恩·韦德,黛安·格雷罗,布兰登·费舍,赖利·沙纳汉,剧情,动作,科幻
30299345,马特·瑞安,达米恩·奥哈尔,劳拉·贝莉,艾米丽·奥布莱恩,罗宾·阿特金·唐斯,动画,恐怖,奇幻
26951935,马特·瑞安,劳拉·贝莉,艾米丽·奥布莱恩,Nan,Nan,动画,恐怖,奇幻
30216753,德鲁·巴里摩尔,蒂莫西·奥利芬特,丽芙·休森,斯凯勒·吉桑多,玛丽·伊丽莎白·埃利斯,喜剧,恐怖,Nan
27135496,唐·钱德尔,安德鲁·兰内斯,雷吉娜·赫尔,保罗·谢尔,尤金·科德罗,喜剧,犯罪,Nan
26958599,米洛·文堤米利亚,曼迪·摩尔,斯特林·K·布朗,苏珊·卡莱布·沃森,克丽丝·梅斯,剧情,喜剧,爱情
7065161,崔岷植,柳承龙,赵震雄,晋久,李贞贤,剧情,动作,传记
21324900,艾米·亚当斯,杰瑞米·雷纳,福里斯特·惠特克,迈克尔·斯图巴,马志,剧情,科幻,Nan
10440076,范·迪塞尔,伊莱贾·伍德,露丝·莱斯利,朱莉·恩格尔布雷希特,迈克尔·凯恩,动作,奇幻,冒险
26876342,艾琳·卡希尔,达林·德·保罗,布莱恩·T·德莱尼,约翰·德米塔,凯文·多曼,动作,动画,恐怖
1291588,今井美树,柳叶敏郎,本名阳子,高桥一生,饭冢雅弓,剧情,爱情,动画
1293088,麦考利·卡尔金,乔·佩西,丹尼尔·斯特恩,约翰·赫德,罗伯茨·布洛瑟姆,喜剧,Nan,Nan
25820460,克里斯·埃文斯,小罗伯特·唐尼,斯嘉丽·约翰逊,塞巴斯蒂安·斯坦,安东尼·麦凯,动作,科幻,冒险
30433802,Ajeya,Anita,Gouri,Choudari,Shabana,纪录片,短片,Nan
25833233,克里斯·帕拉特,伊丽莎白·班克斯,威尔·阿奈特,蒂凡尼·哈迪斯,斯蒂芬妮·比翠丝,喜剧,动画,歌舞
26759819,杉山纪彰,下屋则子,神谷浩史,川澄绫子,植田佳奈,剧情,动画,奇幻
5379965,野岛健儿,远藤绫,柚木凉香,杉山纪彰,川澄绫子,动画,Nan,Nan
26816383,金城武,周冬雨,孙艺洲,奚梦瑶,杨祐宁,喜剧,爱情,Nan
26888731,弗莱迪·海默,尼古拉斯·冈萨雷斯,安东尼娅·托马斯,卓库·莫度,碧儿·加勒特,剧情,Nan,Nan
1867345,杰克·尼科尔森,摩根·弗里曼,西恩·海耶斯,贝弗利·陶德,罗伯·莫洛,剧情,喜剧,冒险
10577869,多姆纳尔·格里森,瑞秋·麦克亚当斯,比尔·奈伊,莉迪亚·威尔逊,琳赛·邓肯,喜剧,爱情,奇幻
30435141,李玉宝,邵杰睿,杜翊,Nan,Nan,短片,Nan,Nan
6982558,马特·达蒙,景甜,佩德罗·帕斯卡,刘德华,威廉·达福,动作,奇幻,冒险
25884416,黄磊,吴君如,张正中,黄秋生,蔡明丽,喜剧,动画,家庭
26628284,黄渤,宋佳,小沈阳,刘桦,尤勇,剧情,Nan,Nan
25884801,黄渤,段奕宏,徐静蕾,杨子姗,梁杰理,剧情,悬疑,惊悚
3804891,徐峥,黄渤,余男,多布杰,王双宝,剧情,犯罪,西部
1292065,阿尔·帕西诺,斯蒂文·鲍尔,米歇尔·菲佛,玛丽·伊丽莎白·马斯特兰托尼奥,罗伯特·劳吉亚,剧情,惊悚,犯罪
27039373,王冬,王辰昊,杨保雷,姚震宇,姚梦,剧情,犯罪,Nan
26949241,杰森·贝特曼,瑞秋·麦克亚当斯,凯尔·钱德勒,莎朗·豪根,Nan,喜剧,悬疑,犯罪
25719555,张国强,惠英红,关咏荷,罗烈,黄锦燊,动作,惊悚,Nan
1307758,杜德偉,吳彥祖,錢嘉樂,彭敬慈,黄卓玲,动作,Nan,Nan
27064926,边江,Nan,Nan,Nan,Nan,科幻,动画,Nan
26966580,吴君如,沈腾,岳云鹏,张译,Papi酱,喜剧,恐怖,Nan
10608242,贝伦·鲁埃达,乌戈·席尔瓦,何塞·科罗纳多,奥拉·加里多,娜乌西卡·邦宁,惊悚,Nan,Nan
3074482,阿尔·帕西诺,布伦达·瓦卡罗,约翰·古德曼,苏珊·萨兰登,丹尼·赫斯顿,剧情,传记,Nan
26800297,劳里·戴维森,奥利维亚·德容格,马提亚斯·因伍德,艾文·布莱纳,杰米·坎贝尔·鲍尔,剧情,Nan,Nan
4074744,瑞斯·伊凡斯,瓦妮莎·雷德格瑞夫,大卫·休里斯,乔莉·理查德森,拉菲·斯波,剧情,悬疑,惊悚
4126925,莉莉·柯林斯,杰米·坎贝尔·鲍尔,凯文·席格斯,杰迈玛·韦斯特,罗伯特·席安,动作,奇幻,冒险
26944582,查宁·塔图姆,詹姆斯·柯登,赞达亚,勒布朗·詹姆斯,科曼,喜剧,动画,歌舞
30140571,拉妮·玛克赫吉,内拉吉·卡比,萨钦,苏普丽雅·皮尔加卡尔,罗特·萨拉夫,剧情,喜剧,Nan
27149755,马修·阿马立克,伯努瓦·波尔沃德,吉约姆·卡内,玛琳娜·佛伊丝,菲烈·卡特林,剧情,喜剧,Nan
26969120,柄本佑,染谷将太,石桥静河,Nan,Nan,剧情,Nan,Nan
1308805,刘青云,梁咏琪,詹瑞文,许绍雄,江美仪,喜剧,爱情,Nan
4190211,约翰尼·德普,安吉丽娜·朱莉,卢夫斯·塞维尔,保罗·贝坦尼,提摩西·道尔顿,剧情,悬疑,惊悚
2132208,Nan,Nan,Nan,Nan,Nan,纪录片,Nan,Nan
3286552,詹妮弗·安妮斯顿,柯特妮·考克斯,丽莎·库卓,马特·勒布朗,马修·派瑞,喜剧,爱情,Nan
3286549,詹妮弗·安妮斯顿,柯特妮·考克斯,丽莎·库卓,马特·勒布朗,马修·派瑞,喜剧,爱情,Nan
3286548,詹妮弗·安妮斯顿,柯特妮·考克斯,丽莎·库卓,马特·勒布朗,马修·派瑞,喜剧,爱情,Nan
26419637,阿贾耶·德乌干,塔布,施芮娅·萨兰,拉贾特·卡普尔,伊西塔·杜塔,剧情,悬疑,犯罪
20020577,郭晓东,秦昊,张磊,梅婷,黄轩,剧情,Nan,Nan
4883425,塔哈·拉希姆,任洁,加里·勒斯培,邵斯凡,源利华,剧情,爱情,情色
19965275,宁静,张智尧,戴春荣,李若彤,Nan,剧情,历史,武侠
1303217,冯远征,仲村亨,章子怡,刘烨,李冰冰,剧情,爱情,历史
6538807,杰拉德·巴特勒,托比·斯蒂芬斯,加里·奥德曼,科曼,琳达·卡德里尼,动作,战争,Nan
4217715,Nan,Nan,Nan,Nan,Nan,剧情,喜剧,爱情
30464733,阿什利·布拉彻,布鲁克斯·赖恩,罗比亚·拉莫特,贾里德·勒茨,艾玛·埃尔·罗伯茨,剧情,Nan,Nan
26909787,陈虎,卢靖姗,托尼·贾,伊科·乌艾斯,斯科特·阿金斯,动作,Nan,Nan
30488984,Nan,Nan,Nan,Nan,Nan,剧情,Nan,Nan
30254040,阿米达普·巴强,Tapsee,Pannu,Nan,Nan,惊悚,Nan,Nan
27149818,文章,包贝尔,郭京飞,李成敏,辣目洋子,喜剧,动作,Nan
26796845,伊琳娜·斯达申鲍姆,亚历山大·佩特罗夫,林奈·穆罕默托夫,欧列格·缅希科夫,谢尔盖·加尔马什,剧情,科幻,Nan
1297291,郑秀文,任贤齐,谷德昭,阿牛,沈傲君,喜剧,爱情,Nan
4300640,金惠玉,罗文姬,金秀美,任昌丁,Nan,剧情,喜剧,动作
2369845,福山雅治,柴崎幸,堤真一,松雪泰子,北村一辉,剧情,悬疑,犯罪
30333950,邓伦,周一围,蔡少芬,宁静,王丽坤,真人秀,Nan,Nan
30230682,张震,倪妮,李东学,张芷溪,李嘉铭,剧情,爱情,奇幻
30442369,西岛秀俊,内野圣阳,山本耕史,矶村勇斗,高泉淳子,剧情,同性,家庭
3578981,甄子丹,洪金宝,熊黛林,黄晓明,樊少皇,动作,传记,历史
3734112,周迅,李冰冰,张涵予,王志文,黄晓明,剧情,惊悚,战争
1907464,张涵予,邓超,袁文康,汤嬿,廖凡,剧情,传记,历史
1306123,李连杰,梁朝伟,张曼玉,陈道明,甄子丹,剧情,动作,武侠
26827706,山下大辉,三宅健太,冈本信彦,佐仓绫音,石川界人,剧情,动作,动画
27160633,山下大辉,三宅健太,冈本信彦,佐仓绫音,石川界人,动作,动画,Nan
26653375,山下大辉,三宅健太,冈本信彦,石川界人,佐仓绫音,剧情,动作,动画
27107756,高杉真宙,叶山奖之,清原果耶,森永悠希,片山友希,剧情,喜剧,Nan
3033085,郑在咏,孙秉浩,李瀚伟,李英恩,高昌锡,喜剧,Nan,Nan
30359157,高畑充希,西岛秀俊,小日向文世,野口五郎,角野卓造,喜剧,犯罪,Nan
30335636,北川景子,松田翔太,工藤阿须加,千叶雄大,仲村亨,剧情,喜剧,Nan
1873750,朗·普尔曼,塞尔玛·布莱尔,道格·琼斯,约翰·亚历山大,詹姆斯·多德,动作,奇幻,冒险
25882296,赵又廷,冯绍峰,林更新,阮经天,马思纯,动作,悬疑,奇幻
1292215,奥黛丽·塔图,马修·卡索维茨,吕菲斯,洛莱拉·克拉沃塔,塞尔日·梅兰,喜剧,爱情,Nan
27062637,种崎敦美,东山奈央,本田望结,藤村鼓乃美,山冈百合,剧情,动画,音乐
1307394,小山茉美,饭塚昭三,折笠富美子,庄司美代子,小野坂昌也,剧情,爱情,动画
1305725,凯文·史派西,凯特·温丝莱特,劳拉·琳妮,加布里埃尔·曼,梅丽莎·麦卡西,剧情,悬疑,犯罪
1292262,罗伯特·德尼罗,詹姆斯·伍兹,伊丽莎白·麦戈文,乔·佩西,波特·杨,剧情,犯罪,Nan
25829175,郭富城,冯绍峰,赵丽颖,小沈阳,罗仲谦,喜剧,爱情,奇幻
30345105,朱亚文,张雨绮,白宇,春夏,欧阳娜娜,真人秀,Nan,Nan
2279825,焦恩俊,贾静雯,俞飞鸿,萧蔷,吴京,武侠,古装,Nan
27615233,周迅,秦昊,杜江,张子枫,邓恩熙,剧情,爱情,Nan
26685451,卢克·崔德威,猫鲍勃,露塔·格德米纳斯,琼安·弗洛加特,安东尼·海德,剧情,喜剧,传记
23774869,本尼迪克特·康伯巴奇,卡梅伦·丝蕾,拉什达·琼斯,法瑞尔·威廉姆斯,特里斯坦·奥哈尔,喜剧,动画,奇幻
19944289,刘嘉玲,陈坤,田沅,车婉婉,郑丹瑞,剧情,爱情,Nan
26782656,黄子华,佘诗曼,狼森,郑丹瑞,谭咏麟,喜剧,Nan,Nan
26652816,杜江,薛凯琪,余心恬,陈学冬,王祖蓝,喜剧,爱情,Nan
4218768,周迅,赵薇,陈坤,冯绍峰,杨幂,剧情,爱情,惊悚
3264045,赵薇,陈坤,胡军,房祖名,李玖哲,剧情,爱情,冒险
30242203,易烊千玺,赵雷,许渊冲,杨紫琼,杨丽萍,纪录片,Nan,Nan
27624787,乔纳森·塔克,杰克逊·罗伯特·斯科特,丹妮尔·麦克唐纳,朗尼·查维斯,贾里德·戴,剧情,短片,Nan
25929151,艾米莉亚·克拉克,山姆·克拉弗林,珍妮·麦克蒂尔,查尔斯·丹斯,布兰登·柯伊尔,剧情,爱情,Nan
26606242,尼玛扎堆,杨培,索朗卓嘎,次仁曲珍,色巴江措,剧情,Nan,Nan
3434070,詹妮弗·劳伦斯,克里斯·帕拉特,麦克·辛,劳伦斯·菲什伯恩,安迪·加西亚,科幻,冒险,Nan
26873657,何炅,黄磊,刘宪华,Nan,Nan,真人秀,Nan,Nan
26801784,许知远,罗振宇,董志凌,姚晨,冯小刚,脱口秀,Nan,Nan
4133814,谢霆锋,张家辉,桂纶镁,陆毅,苗圃,剧情,动作,惊悚
26727273,陆毅,柯蓝,张丰毅,吴刚,许亚军,剧情,悬疑,犯罪
26280528,邓超,白百何,杨洋,张天爱,岳云鹏,喜剧,爱情,Nan
26366465,宋芸桦,王大陆,李玉玺,简廷芮,刘德华,喜剧,爱情,Nan
10831445,陶泽如,李岷城,嵇波,胡先煦,郑伟,剧情,Nan,Nan
1306921,陈冠希,欧倩怡,李灿森,阿曼达·斯特朗,Nan,剧情,喜剧,爱情
3017910,黃霑,蔡欣倩,Nan,Nan,Nan,喜剧,纪录片,情色
1401269,孙道临,谢芳,上官云珠,高博,韩焱,剧情,爱情,Nan
25766529,李善均,赵震雄,郑满植,申东美,申正根,动作,惊悚,犯罪
26410594,河正宇,吴达洙,裴斗娜,南志铉,Nan,剧情,灾难,Nan
1299619,王正方,许素莹,郑智雄,Nan,Nan,剧情,爱情,Nan
1302466,张天喜,黎志强,杨丽仪,许瑞萍,石坚,剧情,Nan,Nan
1308405,胡蝶,王引,杜娟,王冲,王爱明,剧情,家庭,儿童
1295720,Soumitra,Chatterjee,莎米拉·泰戈尔,Alok,Chakravarty,剧情,Nan,Nan
2132220,贾林,魏宗万,孙飞虎,朱艺,李颖,剧情,喜剧,儿童
1301912,周润发,钟楚红,陈百强,黄淑仪,Nan,剧情,爱情,Nan
2027938,刘青云,安志杰,林家栋,林熙蕾,李国麟,动作,惊悚,犯罪
1298898,刘德华,刘青云,蒙嘉慧,李子雄,许绍雄,剧情,动作,犯罪
1293323,巩俐,马精武,何赛飞,曹翠芬,周琦,剧情,历史,Nan
3291139,劳伦·格拉汉姆,阿丽克西斯·布莱德尔,梅丽莎·麦卡西,斯科特·帕特森,安庆名惠子,剧情,喜剧,家庭
30439234,迈克尔·法斯宾德,凯瑟琳·沃特斯顿,丹尼·麦克布莱德,比利·克鲁德普,德米安·比齐尔,科幻,惊悚,短片
27028944,德米安·比齐尔,比利·克鲁德普,纳撒尼尔·迪安,卡门·艾乔戈,亚历山大·英格兰,科幻,短片,Nan
4017146,杰米·李·柯蒂斯,朱迪·格雷尔,安迪·马蒂切克,詹姆斯·裘德·柯特尼,尼克·卡斯特尔,惊悚,恐怖,Nan
30242710,Nan,Nan,Nan,Nan,Nan,纪录片,历史,战争
6126439,朱丽安娜·,玛格丽丝,艾伦·卡明,克里斯·诺斯,麦肯兹·韦加,剧情,悬疑,犯罪
5028366,朱丽安娜·,玛格丽丝,乔西·查尔斯,克里斯汀·芭伦斯基,马特·朱克瑞,剧情,悬疑,犯罪
3754368,朱丽安娜·,玛格丽丝,乔西·查尔斯,克里斯汀·芭伦斯基,马特·朱克瑞,剧情,悬疑,犯罪
27043263,约翰尼·李·米勒,刘玉玲,乔恩·迈克尔·希尔,艾丹·奎因,戴斯蒙德·哈灵顿,剧情,悬疑,犯罪
26268602,维奥拉·戴维斯,连姆·尼森,乔·博恩瑟,曼努埃尔·加西亚-鲁尔福,科布恩·格罗斯,剧情,惊悚,犯罪
1301887,大卫·斯佩德,约翰·古德曼,艾萨·凯特,帕特里克·沃伯顿,Nan,喜剧,动画,家庭
27046646,Evdoxia,Androulidaki,马基斯·帕帕季米特里乌,Makis,Papadimitriou,剧情,Nan,Nan
10438581,尼娜·霍斯,罗纳尔德·策尔费尔德,Rainer,Bock,Christina,剧情,Nan,Nan
22637441,尼娜·霍斯,罗纳尔德·策尔费尔德,尼娜·昆岑多夫,伊摩根·蔻格,克斯腾·布劳克,剧情,Nan,Nan
3169290,Benno,Fürmann,尼娜·霍斯,Hilmi,Sözer,剧情,Nan,Nan
7015741,Aris,Servetalis,马基斯·帕帕季米特里乌,Eleftherios,Matthaios,剧情,喜剧,Nan
2015853,本诺·菲尔曼,尼娜·霍斯,Antje,Westermann,Nan,剧情,Nan,Nan
1434048,尤利娅·胡默,巴尔巴拉·奥尔,里奇·穆勒,Bilge,Bingul,剧情,Nan,Nan
1301143,万梓良,李惠淑,赵雅芝,张艾嘉,徐少强,剧情,悬疑,惊悚
27172891,彭昱畅,章宇,王玉雯,李从喜,董向荣,剧情,Nan,Nan
27005229,徐海乔,宋祖儿,王紫潼,吴海龙,郝帅,剧情,古装,Nan
26995545,张艾嘉,陈泽耀,陈彦雯,叶朝明,刘界辉,剧情,家庭,Nan
6517421,杰西·艾森伯格,艾拉·菲舍尔,伍迪·哈里森,戴夫·弗兰科,马克·鲁弗洛,剧情,悬疑,犯罪
25662337,杰西·艾森伯格,马克·鲁弗洛,伍迪·哈里森,戴夫·弗兰科,丹尼尔·雷德克里夫,剧情,悬疑,犯罪
1292048,朱丽叶·比诺什,贝努特·里格恩特,弗罗伦斯·派梅尔,夏洛特·韦里,海伦·文森特,剧情,爱情,音乐
25717233,黄渤,徐峥,袁泉,周冬雨,陶慧,喜剧,爱情,Nan
1291838,森山周一郎,加藤登纪子,冈村明美,桂三枝,上条恒彦,喜剧,动画,冒险
1297995,佩吉·奥哈拉,罗比·本森,理查德·怀特,杰里·奥尔巴赫,戴维·奥格登·施蒂尔斯,喜剧,爱情,动画
1949005,阿尼卡·诺尼·罗斯,布鲁诺·坎波斯,凯斯·大卫,Michael-Leon,Wooley,喜剧,爱情,动画
21817627,路易·C·K,艾瑞克·斯通斯崔特,凯文·哈特,艾丽·坎伯尔,史蒂夫·库根,喜剧,动画,Nan
11624706,桑德拉·布洛克,乔恩·哈姆,迈克尔·基顿,艾莉森·珍妮,史蒂夫·库根,喜剧,动画,Nan
21327493,亚当·桑德勒,安迪·萨姆伯格,赛琳娜·戈麦斯,阿什·布林克夫,凯文·詹姆斯,喜剧,动画,奇幻
6875863,雷蒙德·奥乔亚,杰克·布赖特,杰弗里·怀特,史蒂夫·茨恩,A·J·巴克利,喜剧,动画,家庭
19965233,张丰毅,沈培艺,万思维,张世会,曹操,剧情,战争,Nan
26801052,孙俪,陈晓,何润东,任重,胡杏儿,剧情,古装,Nan
1477894,金宣儿,玄彬,郑丽媛,丹尼尔·海尼,金慈玉,剧情,喜剧,爱情
3148089,沙利文·斯特普尔顿,罗德里戈·桑托罗,伊娃·格林,琳娜·海蒂,安德鲁·蒂曼,剧情,动作,历史
1302678,周星驰,梅艳芳,陈百祥,周海媚,梁家仁,喜剧,Nan,Nan
4206436,杰瑞米·艾文,彼得·穆兰,艾米丽·沃森,本尼迪克特·康伯巴奇,汤姆·希德勒斯顿,剧情,战争,Nan
25812730,周迅,霍建华,张钧甯,李纯,辛芷蕾,剧情,历史,古装
26887153,王学兵,刘丹,曾美慧孜,易平,易大千,剧情,Nan,Nan
30337214,Nan,Nan,Nan,Nan,Nan,纪录片,Nan,Nan
25733522,张宜苏,张鹏程,Nan,Nan,Nan,纪录片,Nan,Nan
26302614,成东日,李日花,罗美兰,金成钧,崔武成,剧情,喜剧,爱情
3041806,甄子丹,任达华,熊黛林,池内博之,林家栋,剧情,动作,传记
25870084,杨子姗,归亚蕾,陈柏霖,鹿晗,王德顺,喜剧,爱情,奇幻
21937445,宋康昊,吴达洙,金英爱,郭度沅,任时完,剧情,Nan,Nan
26970563,克里斯托弗·阿波特,米娅·华希科沃斯卡,莱娅·科斯塔,奥利维亚·邦德,玛丽亚·迪齐亚,惊悚,Nan,Nan
1293182,亨利·方达,马丁·鲍尔萨姆,约翰·菲德勒,李·科布,E.G.马绍尔,剧情,Nan,Nan
25890005,赵涛,张译,梁景东,董子健,张艾嘉,剧情,家庭,Nan
1300031,裴斗娜,李枖原,玉智英,Nan,Nan,剧情,Nan,Nan
27191173,小松菜奈,大泉洋,清野菜名,矶村勇斗,叶山奖之,剧情,爱情,Nan
2300573,孔晓振,张赫,徐信爱,申成禄,申久,剧情,爱情,家庭
4925458,李民基,金仁权,姜艺媛,高昌锡,金炳哲,动作,Nan,Nan
30269039,徐玄振,李民基,李多喜,安宰贤,文知茵,剧情,爱情,Nan
30327718,李钟硕,李奈映,魏河俊,郑幼贞,朴珪锳,喜剧,爱情,Nan
1438708,洪晃,刘索拉,李勤勤,平燕妮,章含之,剧情,Nan,Nan
1308767,马特·达蒙,弗朗卡·波滕特,布莱恩·考克斯,朱丽娅·斯蒂尔斯,卡尔·厄本,动作,悬疑,惊悚
1307371,黄百鸣,罗明珠,李丽珍,高志森,杜丽莎,喜剧,家庭,奇幻
1293353,麦考利·卡尔金,乔·佩西,丹尼尔·斯特恩,凯瑟琳·欧哈拉,约翰·赫德,喜剧,Nan,Nan
25444447,彭于晏,井柏然,王珞丹,洪金宝,杨颖,剧情,动作,爱情
21349345,迪伦·奥布莱恩,阿梅尔·艾米恩,李起弘,布雷克·库珀,托马斯·布罗迪-桑斯特,动作,科幻,冒险
21349734,本·斯蒂勒,罗宾·威廉姆斯,欧文·威尔逊,史蒂夫·库根,瑞奇·热维斯,喜剧,奇幻,冒险
5323957,阿萨·巴特菲尔德,哈里森·福特,海莉·斯坦菲尔德,阿比盖尔·布蕾斯琳,本·金斯利,动作,科幻,冒险
25885384,张哲瀚,邓莎,Nan,Nan,Nan,喜剧,爱情,Nan
24883232,孙耀琦,张哲瀚,麦迪娜,刘滨,陶灏景,剧情,爱情,奇幻
26999702,胡可,沙俊伯,沙俊良,包文婧,包可艾,家庭,儿童,真人秀
11589036,杰克·布莱克,布莱恩·科兰斯顿,达斯汀·霍夫曼,安吉丽娜·朱莉,J·K·西蒙斯,喜剧,动作,动画
1329936,周星驰,刘嘉玲,李若彤,罗家英,张达明,喜剧,动作,爱情
27666505,小野贤章,中村悠一,鸟海浩辅,诹访部顺一,山下大辉,动画,奇幻,冒险
27157689,阿部敦,井口裕香,佐藤利奈,冈本信彦,日野聪,动作,动画,奇幻
27163301,吉永拓斗,东山奈央,富冈美沙子,五十岚裕美,下地紫野,科幻,动画,Nan
1937946,仲里依纱,石田卓也,板仓光隆,垣内彩未,谷村美月,剧情,爱情,科幻
1865703,林原惠美,江守彻,堀胜之祐,古谷彻,大塚明夫,科幻,动画,悬疑
30267274,宫野真守,本渡枫,田野麻美,种田梨沙,河濑茉希,动画,恐怖,Nan
30163731,冈咲美保,丰口惠美,前野智昭,花守由美里,古川慎,动画,奇幻,冒险
1395776,伊万·麦克格雷格,斯嘉丽·约翰逊,杰曼·翰苏,肖恩·宾,史蒂夫·布西密,动作,爱情,科幻
26610229,克拉斯·邦,伊丽莎白·莫斯,多米尼克·威斯特,泰瑞·诺塔里,克里斯托弗·莱索,喜剧,Nan,Nan
2347485,王志文,左小青,曾红生,石爻,郑强,剧情,爱情,Nan
1300019,冯巩,江珊,滕汝骏,张嘉译,牛振华,剧情,喜剧,Nan
26389331,郑雨盛,黄政民,朱智勋,郭度沅,郑满植,剧情,动作,犯罪
1298183,陈建斌,秦海璐,廖凡,陈明昊,杨婷,剧情,Nan,Nan
26874505,津端修一,津端英子,树木希林,Nan,Nan,纪录片,Nan,Nan
27140017,石原里美,井浦新,洼田正孝,市川实日子,松重丰,剧情,悬疑,Nan
25732103,村濑步,石川界人,日野聪,入野自由,林勇,剧情,动画,运动
26427106,土屋太凤,满岛真之介,悠木碧,赤崎千夏,大地叶,动画,悬疑,Nan
1302522,克林特·伊斯特伍德,吉安·玛丽亚·沃隆特,沃尔夫冈·路卡西,玛丽安妮·柯奇,西戈德·拉普,动作,西部,Nan
1297646,彼得·方达,丹尼斯·霍珀,杰克·尼科尔森,Nan,Nan,剧情,Nan,Nan
30327768,海拉提·哈木,玛尔江·巴依吐肯,丽娜·夏侃,Nan,Nan,剧情,西部,冒险
3147497,古月,孙飞虎,黄凯,邵宏来,刘怀正,剧情,历史,战争
1461403,于是之,郑榕,蓝天野,英若诚,黄宗洛,剧情,历史,Nan
27191492,陆运坤,李桂贤,Nan,Nan,Nan,纪录片,家庭,Nan
27019570,阿萨·巴特菲尔德,苏菲·特纳,斯凯勒·吉桑多,奥布雷·雷诺兹,约瑟夫·朴,喜剧,爱情,科幻
30176282,柳海真,尹启相,金弘波,禹贤,金太勋,剧情,历史,Nan
3813779,杨紫琼,郑雨盛,王学圻,徐熙媛,余文乐,动作,武侠,古装
20388224,薛耿求,郑雨盛,韩孝周,李俊昊,金秉玉,动作,犯罪,Nan
25843352,金允石,郑宇,韩孝周,金喜爱,张铉诚,喜剧,爱情,Nan
26721646,凯拉·奈特莉,多米尼克·威斯特,埃莉诺·汤姆林森,费奥纳·肖,丹妮斯·高夫,剧情,传记,历史
1292679,张国荣,梁朝伟,张震,Nan,Nan,剧情,爱情,同性
30395844,布丽·拉尔森,艾米莉亚·克拉克,布莱德利·库珀,杰森·莫玛,Lady,真人秀,Nan,Nan
25786060,詹姆斯·麦卡沃伊,迈克尔·法斯宾德,詹妮弗·劳伦斯,尼古拉斯·霍尔特,奥斯卡·伊萨克,动作,科幻,奇幻
11598669,法提玛·普塔塞克,肖恩·克里斯汀森,金·艾伦,达纳·西格尔,克里斯汀·霍莉·史密斯,剧情,短片,Nan
1301861,安娜·法瑞丝,查理·辛,帕米拉·安德森,詹尼·麦卡锡,Marny,喜剧,Nan,Nan
3148064,内芙·坎贝尔,柯特妮·考克斯,大卫·阿奎特,艾玛·罗伯茨,安娜·帕奎因,悬疑,恐怖,犯罪
1304044,费尔南多·提尔弗,爱德华多·诺列加,费德里科·路皮,玛丽萨·帕雷德斯,因尼哥·加塞斯,悬疑,惊悚,恐怖
1293133,内芙·坎贝尔,列维·施瑞博尔,柯特妮·考克斯,大卫·阿奎特,杰米·肯尼迪,悬疑,恐怖,犯罪
1308207,安娜·法瑞丝,马龙·韦恩斯,Antony,Acker,Mark,喜剧,Nan,Nan
1432314,Neil,Young,Crazy,Horse,Nan,纪录片,音乐,Nan
26765972,Nan,Nan,Nan,Nan,Nan,音乐,Nan,Nan
26917393,科洛·莫瑞兹,萨莎·莱恩,詹妮弗·艾莉,小约翰·加拉赫,福勒斯特·古德勒克,剧情,同性,Nan
25855071,福迪亚·瓦尔什-匹罗,露西·宝通,杰克·莱诺,马克·麦克肯纳,艾丹·吉伦,剧情,爱情,音乐
27072988,安娜·肯德里克,布蕾克·莱弗利,亨利·戈尔丁,伊恩·霍,约书亚·萨坦,剧情,悬疑,犯罪
26671519,诺埃米·洛夫斯基,凯恩·科贾迪,爱丽丝·伊萨,雅尼莫尼,萨拉·吉罗多,喜剧,Nan,Nan
27109171,李政宰,朴正民,李在仁,陈善圭,Nan,剧情,悬疑,惊悚
27017288,李絮,安在洪,姜臻雅,金国熙,李成旭,剧情,爱情,Nan
26707088,迈克尔·B·乔丹,西尔维斯特·史泰龙,泰莎·汤普森,杜夫·龙格尔,弗罗里安·穆特鲁,剧情,运动,Nan
26613382,王雷,陈宝国,赵擎,张静静,施京明,剧情,Nan,Nan
5924392,张嘉译,罗海琼,张子健,颜丙燕,李依玲,剧情,Nan,Nan
1786739,赵薇,苏有朋,林心如,周杰,陈志朋,剧情,喜剧,动作
25715367,成龙,詹姆士·谢,夏野萨博,Nan,Nan,动画,家庭,奇幻
25715362,成龙,詹姆士·谢,夏野萨博,Nan,Nan,动画,家庭,奇幻
1933857,成龙,詹姆士·谢,夏野萨博,Nan,Nan,喜剧,动作,动画
5187955,塔拉·斯特朗,梅根·史密斯,保罗·伊丁,Nan,Nan,动作,科幻,动画
27180960,董洁,翟天临,李立群,邱泽,何美璇,剧情,爱情,家庭
26386688,赵丽颖,金瀚,曹曦文,俞灏明,刘凡菲,剧情,爱情,Nan
10747855,阿列克谢·沃特考夫,Vitaliy,Kishchenko,瓦列里·格里什科,德米特里·贝科夫斯基-罗马绍夫,动作,奇幻,冒险
26363254,吴京,弗兰克·格里罗,吴刚,张翰,卢靖姗,动作,Nan,Nan
10484117,海伦·米伦,亚伦·保尔,艾伦·瑞克曼,巴克德·阿巴蒂,杰瑞米·诺森,剧情,战争,Nan
25983044,乔·阿尔文,加内特·赫德兰,克里斯汀·斯图尔特,范·迪塞尔,李淳,剧情,战争,Nan
25726614,埃迪·雷德梅恩,凯瑟琳·沃特斯顿,丹·福勒,艾莉森·萨多尔,科林·法瑞尔,剧情,奇幻,冒险
25978126,布拉德·皮特,玛丽昂·歌迪亚,马修·古迪,丽兹·卡潘,夏洛特·霍普,剧情,动作,爱情
26389069,成龙,黄子韬,王凯,王大陆,徐帆,喜剧,动作,Nan
26996612,张绍刚,大张伟,王自健,肖骁,杨迪,真人秀,Nan,Nan
25894431,菲丽希缇·琼斯,迭戈·卢纳,甄子丹,本·门德尔森,麦斯·米科尔森,动作,科幻,冒险
3011997,凯利·蕾莉,迈克尔·法斯宾德,塔拉·艾利斯,杰克·奥康奈尔,托马斯·图尔格斯,惊悚,恐怖,Nan
27069657,戴维·戈麦斯,丽莎·德·莱妩,约里克·范·韦杰宁根,Yorick,van,剧情,儿童,冒险
27615400,路易斯·赫拉尔多·门德斯,米格尔·罗达特,RJ·米特,卡珊德拉·钱盖罗蒂,蒙特塞拉特·马拉尼翁,剧情,Nan,Nan
30381710,罗丝·麦克莱弗,本兰博,艾丽丝·克里奇,Billy,Angel,爱情,Nan,Nan
10759740,杰克·布莱克,凯特·布兰切特,欧文·瓦卡罗,凯尔·麦克拉克伦,芮妮·戈兹贝里,喜剧,惊悚,奇幻
3071604,埃迪·雷德梅恩,艾丽西亚·维坎德,本·卫肖,塞巴斯蒂安·科赫,艾梅柏·希尔德,剧情,爱情,传记
26752852,莎莉·霍金斯,道格·琼斯,迈克尔·珊农,理查德·詹金斯,奥克塔维亚·斯宾瑟,剧情,爱情,奇幻
26847068,杰克·吉伦哈尔,凯瑞·穆里根,比尔·坎普,艾德·奥克森博尔德,佐伊·玛格丽特·科莱蒂,剧情,Nan,Nan
26677934,伊藤节生,樱井孝宏,大塚明夫,入野自由,细谷佳正,科幻,动画,Nan
6532822,米拉·乔沃维奇,米歇尔·罗德里格兹,西耶娜·盖尔利,李冰冰,凯文·杜兰,动作,科幻,恐怖
20471852,米拉·乔沃维奇,伊恩·格雷,艾丽·拉特,鲁比·罗丝,李准基,动作,科幻,恐怖
11525673,拉尔夫·费因斯,托尼·雷沃罗利,艾德里安·布洛迪,威廉·达福,裘德·洛,剧情,喜剧,冒险
3011051,梅利莎·乔治,利亚姆·海姆斯沃斯,迈克尔·多曼,瑞秋·卡帕尼,艾玛·朗,剧情,悬疑,惊悚
3592854,汤姆·哈迪,查理兹·塞隆,尼古拉斯·霍尔特,休·基斯-拜恩,乔什·赫尔曼,动作,科幻,冒险
26704620,史蒂芬·朗,简·拉维,迪兰·明奈特,丹尼尔·祖瓦图,艾玛·博科维奇,惊悚,恐怖,犯罪
30335059,张伟,张秉君,谭笑,宋祖儿,刘思奇,喜剧,动画,冒险
26000205,布蕾克·莱弗利,奥斯卡·贾恩那达,布莱特·卡伦,塞多娜·莱格,Nan,惊悚,冒险,Nan
30300277,亚历山大·佩特罗夫,文森兹·凯弗,维克多·多勃朗拉沃夫,伊琳娜·斯达申鲍姆,谢苗·特列斯库诺夫,动作,历史,战争
26384741,娜塔莉·波特曼,詹妮弗·杰森·李,吉娜·罗德里格兹,泰莎·汤普森,奥斯卡·伊萨克,剧情,科幻,惊悚
30420123,宫柏超,杨阳,王洲,孟盛楠,王静,纪录片,Nan,Nan
26808256,陈乔恩,陈晓,戚迹,海陆,瑛子,剧情,爱情,古装
27597033,高翔,李欣燃,黄霆,韩梦武,王志鹏,剧情,喜剧,动作
30413173,Nan,Nan,Nan,Nan,Nan,动画,儿童,Nan
30423367,吴昊,苏豪,Nan,Nan,Nan,爱情,悬疑,惊悚
30217609,李川,余玥,陈烨林,史元庭,Nan,喜剧,悬疑,奇幻
30329714,林子聪,艾晓琪,陈浩民,陈国坤,金刚,喜剧,Nan,Nan
25872931,范冰冰,韩庚,齐溪,沈婷婷,沙溢,喜剧,爱情,Nan
1461985,祝新运,刘江,刘继忠,高保成,Nan,剧情,儿童,战争
1461964,安吉斯,张莹,葛存壮,吴克勤,王澍,剧情,儿童,战争
1464540,白大钧,吴健海,张长瑞,张杰,张汉荫,剧情,战争,Nan
3033864,朱龙广,张勇手,刘秀杰,刘江,王炳彧,战争,Nan,Nan
1306634,高仓健,大竹忍,广末凉子,安藤政信,吉冈秀隆,剧情,家庭,Nan
30216460,休·杰克曼,佐伊·索尔达娜,艾玛·汤普森,扎克·加利凡纳基斯,蒂莫西·奥利芬特,动画,冒险,Nan
26798737,塞巴斯蒂安·斯坦,J·K·西蒙斯,麦卡·梦露,曼迪·摩尔,马克思·格林菲尔德,剧情,Nan,Nan
26971054,道恩·强森,弗洛伦斯·皮尤,杰克·劳登,琳娜·海蒂,文斯·沃恩,剧情,喜剧,传记
27002812,蕾蓓尔·威尔森,利亚姆·海姆斯沃斯,亚当·德维尼,佩丽冉卡·曹帕拉,布兰登·斯科特·琼斯,喜剧,爱情,奇幻
26810068,连姆·尼森,劳拉·邓恩,米切尔·理查德森,迈克尔·艾克朗德,布拉德利·斯泰克尔,剧情,动作,惊悚
26752700,迪丽热巴,盛一伦,李溪芮,张彬彬,王骁,喜剧,爱情,Nan
26756260,杨洋,张天爱,吴尊,王丽坤,释小龙,剧情,奇幻,古装
25300674,甄子丹,黄圣依,王宝强,任达华,喻亢,动作,奇幻,Nan
30194404,陶晶莹,李安,巩俐,谢盈萱,周迅,真人秀,Nan,Nan
27615398,雅各布·克德格恩,杰西卡·迪内奇,奥玛尔·沙加威,约翰·奥尔森,雅各布·乌尔里克·罗曼,剧情,惊悚,犯罪
1298759,妮可·基德曼,哈里特·安德森,劳伦·白考尔,保罗·贝坦尼,詹姆斯·肯恩,剧情,悬疑,惊悚
21937452,薛耿求,严志媛,李来,金海淑,金相浩,剧情,Nan,Nan
1789283,丹泽尔·华盛顿,宝拉·巴顿,方·基默,吉姆·卡维泽,亚当·戈德堡,动作,科幻,惊悚
30291548,吴慷仁,林哲熹,李千那,谢欣颖,李洺中,剧情,Nan,Nan
1300282,克雷格·比尔克,阿明·缪勒-斯塔尔,格瑞辰·摩尔,文森特·多诺费奥,丹尼斯·海斯伯特,科幻,悬疑,惊悚
23116614,寇瑞·斯托尔,大卫·布拉德利,凯文·杜兰,米娅·麦斯特罗,乔纳森·海德,剧情,恐怖,Nan
26935675,亚历山德拉·博尔贝伊,格扎·莫桑伊,佐尔坦·施奈德,埃文·纳吉,塔马斯·约旦,剧情,爱情,Nan
26894602,尤安娜·库里克,托马斯·科特,波利斯·席克,阿伽塔·库莱沙,塞德里克·康,剧情,爱情,音乐
27608785,乔纳斯·达斯勒,汤姆·格兰门兹,米夏埃尔·圭斯德克,罗夫·凯尼斯,布尔格哈特·克劳斯纳,剧情,历史,Nan
27611495,贾乃亮,王鸥,刘欢,边潇潇,王劲松,剧情,Nan,Nan
2119888,Nan,Nan,Nan,Nan,Nan,Nan,Nan,Nan
2348020,马特·达蒙,Eddie,Jemison,梅兰妮·林斯基,瑞克·欧弗顿,剧情,喜剧,惊悚
1422917,维果·莫腾森,玛丽亚·贝罗,艾德·哈里斯,威廉·赫特,艾什顿·霍尔姆斯,剧情,动作,惊悚
1309059,章子怡,渡边谦,杨紫琼,巩俐,周采芹,剧情,爱情,Nan
1308777,金·凯瑞,凯特·温丝莱特,伊莱贾·伍德,克斯汀·邓斯特,汤姆斯·杰·瑞恩,剧情,爱情,奇幻
27187829,周杰伦,庾澄庆,谢霆锋,李健,华少,音乐,真人秀,Nan
2132932,克里斯·派恩,扎克瑞·昆图,伦纳德·尼莫伊,艾瑞克·巴纳,布鲁斯·格林伍德,动作,科幻,冒险
26985857,陈学冬,张孝全,桂纶镁,蒋梦婕,姜超,剧情,犯罪,Nan
26268591,山寺宏一,林原惠美,Nan,Nan,Nan,动画,短片,Nan
25934339,Aleksey,Tryapitsyn,Timur,Bondarenko,Irina,剧情,Nan,Nan
30416090,Nan,Nan,Nan,Nan,Nan,动画,短片,Nan
26821313,Nan,Nan,Nan,Nan,Nan,动画,短片,Nan
27097743,黄晓明,殷桃,秦海璐,曹炳琨,范志博,剧情,Nan,Nan
3074408,小栗旬,矢部享佑,黑木美沙,高冈奏辅,桐谷健太,动作,Nan,Nan
26369709,史蒂夫·卡瑞尔,法尔克·亨特切尔,马特·欧莱瑞,尼古莱·维切尔,帕特里克·罗卡斯,剧情,传记,Nan
27055378,韩智敏,金诗雅,李熙俊,权素贤,白秀章,剧情,Nan,Nan
1763134,宋康昊,朴海日,裴斗娜,边熙峰,高雅星,剧情,科幻,惊悚
25717817,康格娜·拉瑙特,拉吉·库玛,丽莎·海顿,Mish,Boyko,剧情,喜剧,Nan
25822430,阿迪勒·侯赛因,塔妮莎·查特吉,拉迪卡·艾普特,法如克·贾法尔,苏莉温.查瓦拉,剧情,Nan,Nan
1388216,桑德拉·布洛克,唐·钱德尔,马特·狄龙,布兰登·费舍,泰伦斯·霍华德,剧情,犯罪,Nan
1945549,肖恩·比格斯代夫,艾米莉娅·福克斯,迈克尔·迪克森,肖恩·埃文斯,米歇尔·雷恩,剧情,喜剧,爱情
24404677,斯嘉丽·约翰逊,摩根·弗里曼,崔岷植,阿马尔·维克德,朱利安·林希德-图特,动作,科幻,Nan
26688480,丹尼尔·卡卢亚,艾莉森·威廉姆斯,凯瑟琳·基纳,布莱德利·惠特福德,卡赖伯·兰德里·琼斯,悬疑,惊悚,恐怖
3181788,雅克·冈布兰,扎布·布雷特曼,皮奥·马麦,马克-安德烈·格隆丁,黛博拉·弗朗索瓦,剧情,家庭,Nan
26359235,伊万·麦克格雷格,海莉·阿特维尔,勃朗特·卡迈克尔,马克·加蒂斯,奥利弗·福德·戴维斯,喜剧,动画,冒险
30454836,内尔·布法拉姆,丽莎·蕾,沙尤尼·古普塔,米林德·索曼,基尔蒂·库哈里,剧情,喜剧,爱情
1304624,刘德华,张学友,张曼玉,万梓良,林蛟,剧情,爱情,犯罪
2133340,艾米莉·布朗特,鲁伯特·弗兰德,保罗·贝坦尼,米兰达·理查森,吉姆·布劳德本特,剧情,爱情,传记
26616690,黄轩,段奕宏,郎月婷,祖峰,邢佳栋,剧情,动作,犯罪
1760622,本·卫肖,艾伦·瑞克曼,蕾切儿·哈伍德,达斯汀·霍夫曼,大卫·卡尔德,剧情,犯罪,奇幻
27089211,金九拉,徐章勋,秋瓷炫,于晓光,Nan,真人秀,Nan,Nan
30246439,张艺兴,蔡依林,李荣浩,欧阳靖,艾福杰尼,音乐,歌舞,真人秀
26575103,梁朝伟,白百何,井柏然,李宇春,杨祐宁,喜剧,奇幻,Nan
27059130,庄益增,陈竹昇,戴立忍,张少怀,陈以文,剧情,喜剧,犯罪
24719063,邓超,段奕宏,郭涛,王珞丹,吕颂贤,剧情,悬疑,犯罪
1307690,张国立,葛优,梁天,潘虹,马晓晴,剧情,喜剧,Nan
1428301,葛优,梁天,谢园,李媛媛,马羚,剧情,Nan,Nan
2148778,李保田,吕聿来,杨亚宁,Nan,Nan,剧情,Nan,Nan
4011203,倪大红,梅婷,奇道,宋迎春,郑铮,剧情,Nan,Nan
1300288,林青霞,王祖贤,李美凤,李子雄,王小凤,惊悚,Nan,Nan
1295656,亚历山大·凯伊达诺夫斯基,阿丽萨·弗雷因德利赫,安纳托利·索洛尼岑,尼古拉·格林科,纳塔利娅·阿布拉莫娃,剧情,科幻,悬疑
10512661,瑞恩·高斯林,哈里森·福特,安娜·德·阿玛斯,西尔维娅·侯克斯,罗宾·怀特,剧情,科幻,惊悚
26811587,小连杀,图特哈蒙,金士杰,幽舞越山,李佳怡,喜剧,动画,奇幻
25827935,周冬雨,马思纯,李程彬,李萍,蔡纲,剧情,爱情,Nan
1420004,蒂姆·罗斯,多格雷·斯科特,奥莉维亚·威廉姆斯,詹姆斯·伯拉姆,科林·雷德格瑞夫,剧情,战争,Nan
26603666,赵路,武皓栋,殷筱瑜,金蝉妃,童自荣,喜剧,动画,家庭
26661191,大鹏,倪妮,李治廷,周冬雨,伍佰,动作,奇幻,Nan
25895901,绫濑遥,长泽雅美,夏帆,广濑铃,大竹忍,剧情,家庭,Nan
25724855,布丽·拉尔森,雅各布·特伦布莱,肖恩·布里吉格斯,温迪·古逊,阿曼达·布鲁盖尔,剧情,家庭,Nan
1464907,Presley,Chweneyagae,Terry,Pheto,Kenneth,剧情,犯罪,Nan
26235354,艾米莉亚·克拉克,基特·哈灵顿,彼特·丁拉基,苏菲·特纳,麦茜·威廉姆斯,剧情,奇幻,冒险
1299603,哈威·凯特尔,蒂姆·罗斯,迈克尔·马德森,克里斯·潘,史蒂夫·布西密,惊悚,犯罪,Nan
30232339,柯素云,刘子铨,曾少宗,凌心妤,刘亮佐,剧情,科幻,家庭
26647711,史蒂夫·佩姆伯顿,里斯·谢尔史密斯,费奥纳·肖,杰森·沃特金斯,凯莉·霍威,喜剧,悬疑,恐怖
1292211,哈维尔·卡马拉,达里奥·格兰迪内蒂,蕾欧诺·瓦特林,罗萨里奥·弗洛雷斯,马里奥拉·福恩特斯,剧情,Nan,Nan
1300992,凯文·科斯特纳,劳拉·邓恩,克林特·伊斯特伍德,T·J·劳瑟,基斯·斯扎拉巴基克,剧情,犯罪,Nan
26850326,郭德纲,岳云鹏,罗温·艾金森,艾伦,张小斐,喜剧,Nan,Nan
4841238,土田大,日野聪,Nan,Nan,Nan,动画,短片,战争
2028669,杰米·贝尔,安迪·瑟金斯,丹尼尔·克雷格,西蒙·佩吉,尼克·弗罗斯特,动作,动画,悬疑
3041281,吉姆·斯特吉斯,雨果·维文,艾米莉·德瑞文,瑞恩·柯万腾,海伦·米伦,动作,动画,奇幻
2028650,瑞茜·威瑟斯彭,塞斯·罗根,休·劳瑞,威尔·阿奈特,基弗·萨瑟兰,喜剧,动作,科幻
30465928,姜镐童,金钟民,金东炫,申东熙,柳炳宰,真人秀,Nan,Nan
30410424,罗振宇,Nan,Nan,Nan,Nan,脱口秀,Nan,Nan
27072795,阿德里亚诺·塔尔迪奥洛,阿涅塞·格拉齐亚尼,卢卡·奇科瓦尼,阿尔巴·罗尔瓦赫尔,塞尔希·洛佩斯,剧情,奇幻,Nan
1427816,曼迪·帕廷金,托马斯·吉布森,劳拉·格劳蒂尼,谢默·摩尔,马修·格雷·古柏勒,剧情,悬疑,惊悚
2373195,布莱恩·科兰斯顿,亚伦·保尔,安娜·冈,迪恩·诺里斯,贝琪·勃兰特,剧情,犯罪,Nan
3156117,西尔莎·罗南,凯特·布兰切特,艾瑞克·巴纳,奥莉维亚·威廉姆斯,米歇尔·道克瑞,动作,悬疑,惊悚
3131843,周杰,苏瑾,董勇,海清,张婉如,剧情,悬疑,Nan
1295344,梁朝伟,张学友,李子雄,任达华,甄楚倩,剧情,动作,惊悚
1293759,周润发,梅艳芳,梁家辉,张可颐,时任三郎,动作,战争,Nan
3272923,张立,林芳兵,李琦,Nan,Nan,剧情,动作,爱情
3239769,岳翎,马如风,王淑娟,Nan,Nan,剧情,Nan,Nan
3240785,Nan,Nan,Nan,Nan,Nan,Nan,Nan,Nan
25766754,蕾切尔·薇兹,简·方达,迈克尔·凯恩,保罗·达诺,哈威·凯特尔,剧情,喜剧,Nan
26920017,卡西·阿弗莱克,鲁妮·玛拉,肯妮莎·汤普森,格罗弗·库尔森,丽兹·弗兰卡,剧情,爱情,奇幻
10766459,罗伯特·德尼罗,米歇尔·菲佛,迪安娜·阿格隆,约翰·德利奥,汤米·李·琼斯,喜剧,动作,惊悚
1308570,托比·马奎尔,克斯汀·邓斯特,詹姆斯·弗兰科,阿尔弗雷德·莫里纳,罗斯玛丽·哈里斯,动作,科幻,冒险
1306612,托比·马奎尔,威廉·达福,克斯汀·邓斯特,詹姆斯·弗兰科,克里夫·罗伯逊,动作,科幻,冒险
1786740,赵薇,苏有朋,张铁林,周杰,林心如,剧情,喜剧,动作
7051830,阿萨·巴特菲尔德,伊娃·格林,塞缪尔·杰克逊,朱迪·丹奇,艾拉·珀内尔,剧情,奇幻,冒险
3047741,于震,辛柏青,韩雯雯,宋运成,常铖,历史,战争,Nan
1292000,爱德华·诺顿,布拉德·皮特,海伦娜·伯翰·卡特,扎克·格雷尼尔,米特·洛夫,剧情,动作,悬疑
3318306,艾玛·斯通,杰瑞米·艾伦·怀特,科洛·莫瑞兹,伊丽莎白·班克斯,休·杰克曼,喜剧,Nan,Nan
25864124,查理·汉纳姆,裘德·洛,阿斯特丽德·伯格斯-弗瑞斯贝,米卡埃尔·佩斯布兰特,杰曼·翰苏,动作,奇幻,冒险
3172300,安娜·穆格拉利斯,麦斯·米科尔森,伊莲娜·莫罗佐娃,娜塔莎·兰丁格尔,Nan,剧情,爱情,Nan
3302627,约翰尼·哈里戴,黄秋生,林家栋,林雪,叶璇,剧情,动作,惊悚
3077739,塔哈·拉希姆,尼尔斯·阿贺斯图普,阿德尔·本谢里夫,Hichem,Yacoubi,剧情,犯罪,Nan
1292528,伊万·麦克格雷格,艾文·布莱纳,约翰尼·李·米勒,凯文·麦克基德,罗伯特·卡莱尔,剧情,犯罪,Nan
3541415,莱昂纳多·迪卡普里奥,约瑟夫·高登-莱维特,艾伦·佩吉,汤姆·哈迪,渡边谦,剧情,科幻,悬疑
1292052,蒂姆·罗宾斯,摩根·弗里曼,鲍勃·冈顿,威廉姆·赛德勒,克兰西·布朗,剧情,犯罪,Nan
1291549,热拉尔·朱尼奥,弗朗索瓦·贝莱昂,凯德·麦拉德,让-保罗·博奈雷,玛丽·布奈尔,剧情,音乐,Nan
2132930,范·迪塞尔,保罗·沃克,米歇尔·罗德里格兹,乔丹娜·布鲁斯特,盖尔·加朵,动作,犯罪,Nan
24736566,梁家辉,刘嘉玲,王学兵,余男,陈思诚,爱情,Nan,Nan
3032904,迈克尔·帕克斯,Ulla,Bergryd,理查德·哈里斯,约翰·休斯顿,剧情,Nan,Nan
33407949,Nan,Nan,Nan,Nan,Nan,Nan,Nan,Nan
30441157,Nan,Nan,Nan,Nan,Nan,Nan,Nan,Nan
30283664,Ali,Seçkiner,Alici,Tarhan,Karagöz,喜剧,历史,Nan
30138039,雅各布·德威格,巴里·阿茨玛,福克琳·欧沃凯尔克,皮埃尔·波克玛,雷蒙德·提哈瑞,剧情,战争,Nan
33407730,Nan,Nan,Nan,Nan,Nan,Nan,Nan,Nan
30183061,伊赫斯·贝尔本,弗洛里安·大卫·菲茨,Nan,Nan,Nan,喜剧,Nan,Nan
33407372,Nan,Nan,Nan,Nan,Nan,Nan,Nan,Nan
1787291,中谷美纪,瑛太,香川照之,市川实日子,伊势谷友介,剧情,歌舞,Nan
25814705,桥本爱,三浦贵大,松冈茉优,温水洋一,桐岛加恋,剧情,Nan,Nan
25814707,桥本爱,三浦贵大,松冈茉优,温水洋一,桐岛加恋,剧情,Nan,Nan
1292365,葛优,巩俐,姜武,牛犇,郭涛,剧情,家庭,历史
1298624,阿尔·帕西诺,克里斯·奥唐纳,詹姆斯·瑞布霍恩,加布里埃尔·安瓦尔,菲利普·塞默·霍夫曼,剧情,Nan,Nan
2129132,安德鲁·加菲尔德,艾玛·斯通,瑞斯·伊凡斯,马丁·辛,莎莉·菲尔德,动作,科幻,冒险
30279392,伊瑟尔·戈麦斯·罗梅罗,Francisco,José,Gómez,Romero,剧情,Nan,Nan
1300211,亚当·桑德勒,艾米丽·沃森,菲利普·塞默·霍夫曼,路易斯·古兹曼,玛丽·莱恩·莱杰斯库,剧情,喜剧,爱情
26372319,艾玛·斯通,史蒂夫·卡瑞尔,安德丽亚·瑞斯波罗格,娜塔丽·莫瑞丝,萨拉·西尔弗曼,喜剧,同性,传记
6854414,瑞恩·高斯林,鲁妮·玛拉,迈克尔·法斯宾德,娜塔莉·波特曼,凯特·布兰切特,剧情,音乐,Nan
27008394,赵文卓,安志杰,陈国坤,杜宇航,书亚信,剧情,动作,Nan
25880937,巴普蒂斯特·勒卡普兰,夏洛特·勒·邦,费利克斯·莫阿蒂,德尼·波达利德斯,伊莎贝尔·冈德列,喜剧,Nan,Nan
26994321,王识贤,高捷,郑人硕,邹兆龙,唐振刚,剧情,动作,犯罪
1300201,林青霞,张艾嘉,狄波拉,米雪,胡锦,爱情,歌舞,古装
30414365,小栗旬,室毅,高良健吾,新田真剑佑,松重丰,剧情,Nan,Nan
27130294,吉田羊,永山绚斗,泷藤贤一,光石研,三浦友和,剧情,悬疑,犯罪
30142124,安田显,ナッツ・シトイ,河井青叶,福士诚治,伊势谷友介,爱情,Nan,Nan
26884358,崔维斯·费米尔,莉莉·拉贝,威廉·菲德内尔,瑞切尔·泰勒,福里斯特·惠特克,惊悚,Nan,Nan
1293452,黎明,李嘉欣,仲代达矢,张学友,张耀扬,动作,科幻,Nan
26982852,安娜索菲亚·罗伯,乌玛·瑟曼,伊莎贝拉·弗尔曼,维多利亚·莫洛勒斯,诺亚·西尔弗,剧情,恐怖,奇幻
25801066,吴亦凡,林更新,姚晨,林允,包贝尔,喜剧,动作,奇幻
26035290,彭于晏,倪妮,余文乐,俞飞鸿,欧豪,剧情,动作,奇幻
26592971,贾斯汀·罗兰,克里斯·帕内尔,斯宾瑟·格拉默,萨拉·乔克,内森·菲利安,科幻,动画,冒险
25865470,贾斯汀·罗兰,克里斯·帕内尔,斯宾瑟·格拉默,萨拉·乔克,科甘-迈克尔·凯,喜剧,科幻,动画
4858790,宁静,富大龙,傅淼,喻恩泰,杨新鸣,剧情,历史,古装
26773744,张艾嘉,田壮壮,郎月婷,宋宁峰,吴彦姝,剧情,爱情,家庭
30212175,Nan,Nan,Nan,Nan,Nan,Nan,Nan,Nan
30459734,韩明熙,赵闪闪,谢宁,张春仲,王侃,喜剧,动作,古装
26705728,蒋劲夫,袁冰妍,刘芮麟,柳岩,刘奕君,剧情,古装,Nan
1478064,克里夫·欧文,朱丽安·摩尔,迈克尔·凯恩,克莱尔-霍普·阿什蒂,查理·汉纳姆,剧情,科幻,冒险
3073124,山姆·洛克威尔,凯文·史派西,多米妮克·麦克艾丽戈特,卡雅·斯考达里奥,本尼迪克特·王,剧情,科幻,悬疑
26842702,刘亚仁,史蒂文·元,全钟瑞,金秀京,崔承浩,剧情,悬疑,Nan
5177482,Joe,Rogan,Ralph,Abraham,Joel,纪录片,Nan,Nan
1316499,贾宏声,马晓晴,李耿,Nan,Nan,剧情,Nan,Nan
5327268,莱昂纳多·迪卡普里奥,汤姆·哈迪,多姆纳尔·格里森,威尔·保尔特,福勒斯特·古德勒克,剧情,动作,冒险
10432911,张赫,秀爱,朴敏荷,柳海真,李熙俊,剧情,惊悚,灾难
26790961,徐璐,彭昱畅,刘泳希,鲁照华,韩忠羽,喜剧,音乐,Nan
3804629,维拉·法米加,帕特里克·威尔森,莉莉·泰勒,朗·里维斯顿,珊莉·卡斯韦尔,悬疑,惊悚,恐怖
1299383,汤姆·克鲁斯,渡边谦,蒂莫西·斯波,比利·康诺利,托尼·戈德温,剧情,动作,历史
26284593,艾玛·沃森,汤姆·汉克斯,格伦妮·海德利,比尔·帕克斯顿,凯伦·吉兰,剧情,科幻,惊悚
1293414,张曼玉,梁家辉,秦汉,刘嘉玲,吴启华,剧情,爱情,传记
1470346,希斯·莱杰,西耶娜·米勒,杰瑞米·艾恩斯,奥利弗·普莱特,莉娜·奥琳,剧情,喜剧,爱情
26382962,桂纶镁,王景春,欧阳娜娜,王元也,陈坤,喜剧,奇幻,Nan
27041389,白宇,卜冠今,吕鹏,张书维,杨玥,剧情,Nan,Nan
21339675,矢作穗香,古川雄辉,山田裕贵,西村知美,芋洗坂係長,剧情,喜剧,爱情
30196806,张超,李婷婷,陈博豪,孙嘉灵,李九霄,剧情,Nan,Nan
30181133,马丽,潘粤明,孙坚,李乃文,黄梦莹,喜剧,爱情,家庭
26961209,陈小春,陈国坤,李灿森,宋本中,陈惠敏,剧情,犯罪,Nan
6126442,姜文,葛优,周韵,舒淇,文章,剧情,喜剧,动作
1291875,夏雨,宁静,陶虹,耿乐,斯琴高娃,剧情,爱情,Nan
25966085,郭富城,春夏,白只,谭耀文,金燕玲,剧情,悬疑,犯罪
26279289,渡边谦,森山未来,松山研一,绫野刚,广濑铃,剧情,爱情,悬疑
24751763,葛优,章子怡,浅野忠信,杜淳,钟欣潼,剧情,动作,悬疑
4817901,萝丝·拜恩,帕特里克·威尔森,Ty,Simpkins,林·沙烨,惊悚,恐怖,Nan
26825664,德米安·比齐尔,泰莎·法米加,乔纳斯·布洛凯,邦妮·阿伦斯,维拉·法米加,悬疑,惊悚,恐怖
3534824,裴斗娜,井浦新,板尾创路,余贵美子,岩松了,剧情,奇幻,Nan
1298038,朱莉娅·罗伯茨,休·格兰特,理查德·麦凯布,瑞斯·伊凡斯,詹姆斯·德雷福斯,喜剧,爱情,Nan
10748120,马修·麦康纳,伍迪·哈里森,米歇尔·莫纳汉,托利·基特尔斯,亚历珊德拉·达达里奥,剧情,悬疑,犯罪
27194302,威廉姆·H·梅西,埃米·罗森,伊森·卡特科斯基,珊诺拉·汉普顿,杰瑞米·艾伦·怀特,剧情,喜剧,Nan
26887174,埃文·蕾切尔·伍德,坦迪·牛顿,詹姆斯·麦斯登,吉米·辛普森,妲露拉·莱莉,科幻,西部,Nan
27621712,凯莉·麦克唐纳,伊尔凡·可汗,大卫·丹曼,奥斯汀·艾布拉姆斯,丽芙·休森,剧情,Nan,Nan
26616145,玄彬,柳海真,金柱赫,张荣男,李东辉,动作,Nan,Nan
30143683,Beat,Schlatter,Bendrit,BAJRA,Doro,喜剧,Nan,Nan
30328983,田村由加莉,堀江由衣,保志总一朗,石田彰,国府田真里子,动画,Nan,Nan
30291497,松冈祯丞,花泽香菜,竹达彩奈,伊藤美来,佐仓绫音,喜剧,爱情,动画
30249248,上田丽奈,指出毬亚,长江里加,鬼头明里,大和田仁美,喜剧,动画,Nan
1361252,马塞洛·马斯楚安尼,让娜·莫罗,莫尼卡·维蒂,伯恩哈德·维基,罗西·马扎库拉蒂,剧情,爱情,Nan
26163259,神谷浩史,早见沙织,喜多村英梨,井口裕香,坂本真绫,喜剧,动画,悬疑
25945606,德克·诺维斯基,科比·布莱恩特,史蒂夫·纳什,马克·库班,Nan,纪录片,Nan,Nan
1793883,迈克尔·乔丹,Nan,Nan,Nan,Nan,纪录片,传记,运动
6710820,德克·诺维斯基,杰森·基德,贾森·特里,Jason,Terry,纪录片,Nan,Nan
26337866,陈永忠,谢理循,余世学,郭月,赵达清,剧情,Nan,Nan
1297574,周润发,狄龙,张国荣,朱宝意,李子雄,动作,犯罪,Nan
1291844,阿诺·施瓦辛格,琳达·汉密尔顿,爱德华·福隆,罗伯特·帕特里克,阿尔·伯恩,动作,科幻,Nan
1292233,马尔科姆·麦克道威尔,帕特里克·马基,迈克尔·贝茨,沃伦·克拉克,约翰·克莱夫,剧情,科幻,犯罪
30437492,莎莉·克莱芙,安东尼·威尔士,乔·科尔,卡伦·索尼娅·塞沃尔,妮娅姆·阿尔格,剧情,喜剧,Nan
27186591,约翰·西姆,黄秋生,梁佩诗,安东尼·海斯,汤姆·吴,剧情,惊悚,犯罪
26331176,扎克瑞·莱维,伊娃·朗格利亚,亚丽克斯·门纳塞斯,阿莫里·诺拉斯科,戴安娜·玛丽亚·里瓦,喜剧,Nan,Nan
27199926,克里斯·吉尔,阿雅·卡什,戴斯敏·博格斯,凯瑟·多诺休,沙恩·弗朗西斯·史密斯,剧情,喜剧,爱情
30401163,吴昕,韩雪,马思超,Nan,Nan,爱情,真人秀,Nan
30427749,伊利·索兰,莱昂·休斯,威尔·奥康纳,大卫·赖恩,塔拉·布雷思纳克,剧情,短片,Nan
1428581,丁建华,毕克,尚华,苏秀,施融,动画,奇幻,Nan
1959195,山本圭,井川比佐志,片桐入,仲代达矢,春川真澄,剧情,Nan,Nan
6307447,杰米·福克斯,莱昂纳多·迪卡普里奥,克里斯托弗·沃尔兹,塞缪尔·杰克逊,凯丽·华盛顿,剧情,动作,西部
1291578,雷·罗马诺,约翰·雷吉扎莫,丹尼斯·利瑞,杰克·布莱克,Nan,喜剧,动画,冒险
1978709,娜塔莉·波特曼,米拉·库尼斯,文森特·卡索,芭芭拉·赫希,薇诺娜·瑞德,剧情,惊悚,Nan
1291868,珍·玛奇,梁家辉,Frédérique,Meininger,阿诺·乔瓦尼内蒂,剧情,爱情,情色
27024903,茱蒂蒙·琼查容苏因,查侬·散顶腾古,依莎亚·贺苏汪,披纳若·苏潘平佑,塔内·瓦拉库努娄,剧情,悬疑,犯罪
1308575,陈柏霖,桂纶镁,梁又琳,仇政,明金成,剧情,爱情,同性
30170375,弗朗克·迪博斯克,亚历山德拉·拉米,艾尔莎·泽贝斯坦,热拉尔·达尔蒙,卡洛琳·安格鲁德,喜剧,爱情,Nan
1482072,安妮·海瑟薇,梅丽尔·斯特里普,艾米莉·布朗特,斯坦利·图齐,西蒙·贝克,剧情,爱情,Nan
1858711,汤姆·汉克斯,蒂姆·艾伦,琼·库萨克,尼德·巴蒂,唐·里克斯,喜剧,动画,奇幻
25858604,让·雷诺,安娜·加列娜,克洛伊·茹阿内,雨果·德休,奥雷·阿蒂卡,剧情,喜剧,家庭
1418834,希斯·莱杰,杰克·吉伦哈尔,米歇尔·威廉姆斯,安妮·海瑟薇,凯特·玛拉,剧情,爱情,同性
1294638,亨利·托马斯,迪·沃伦斯,罗伯特·麦克纳夫顿,德鲁·巴里摩尔,彼德·考约特,剧情,科幻,Nan
1292401,休·格兰特,科林·费尔斯,艾玛·汤普森,凯拉·奈特莉,连姆·尼森,剧情,喜剧,爱情
1329950,汤姆·汉克斯,奥黛丽·塔图,伊恩·麦克莱恩,让·雷诺,保罗·贝坦尼,悬疑,惊悚,Nan
26860031,孟瑞,王博文,Nan,Nan,Nan,剧情,爱情,同性
4301224,安吉丽娜·朱莉,艾丽·范宁,沙尔托·科普雷,莱丝利·曼维尔,艾美达·斯丹顿,动作,爱情,奇幻
7064681,宫崎葵,大泽隆夫,黑木华,西井幸人,大野百花,剧情,动画,家庭
26842687,山新,藤新,Nan,Nan,Nan,动画,历史,战争
26647032,兔子,约翰牛,毛熊,鹰酱,Nan,动画,Nan,Nan
26328492,Nan,Nan,Nan,Nan,Nan,Nan,Nan,Nan
1299952,亚当·罗伯特·沃顿,雅各布·约瑟夫·沃顿,乔·曼特纳,拉腊·弗林·鲍尔,乔·潘托里亚诺,喜剧,冒险,Nan
3844060,Nan,Nan,Nan,Nan,Nan,动画,短片,奇幻
26581251,Nan,Nan,Nan,Nan,Nan,动画,短片,Nan
28086682,艾伦·旁派,贾斯汀·钱伯斯,钱德拉·威尔森,小詹姆斯·皮肯斯,凯文·麦克基德,剧情,爱情,Nan
25750923,本尼迪克特·康伯巴奇,马丁·弗瑞曼,安德鲁·斯科特,鲁珀特·格雷夫斯,尤娜·斯塔布斯,剧情,悬疑,犯罪
1307914,刘德华,梁朝伟,黄秋生,曾志伟,郑秀文,剧情,悬疑,犯罪
1793929,马修·麦康纳,詹妮弗·加纳,杰瑞德·莱托,史蒂夫·茨恩,达拉斯·罗伯特斯,剧情,同性,传记
27019527,文淇,周美君,史可,耿乐,刘威葳,剧情,Nan,Nan
26277313,张磊,林子杰,吴文伦,童自荣,刘九容,喜剧,动作,动画
20369263,廖景萱,袁奇峰,王慧,唐梦娅,Nan,儿童,奇幻,冒险
25920885,本尼迪克特·康伯巴奇,马丁·弗瑞曼,尤娜·斯塔布斯,鲁珀特·格雷夫斯,马克·加蒂斯,剧情,悬疑,犯罪
3356338,阿牛,林峯,徐子珊,Nan,Nan,喜剧,动画,儿童
26290390,王梓,陶典,季冠霖,黄莺,Nan,动画,Nan,Nan
3993578,高山南,Nan,Nan,Nan,Nan,动画,Nan,Nan
3862363,高山南,山口胜平,山崎和佳奈,神谷明,林原惠美,喜剧,动画,短片
26862259,邓超,彭于晏,赵丽颖,董子健,金士杰,剧情,喜剧,Nan
1292223,摩根·弗里曼,布拉德·皮特,凯文·史派西,格温妮斯·帕特洛,安德鲁·凯文·沃克,剧情,悬疑,惊悚
5193561,Nan,Nan,Nan,Nan,Nan,纪录片,Nan,Nan
2279940,李莞,朴信惠,浅见伶奈,内田朝阳,Nan,爱情,Nan,Nan
27059620,提姆·卡尔克霍夫,莎拉·阿德勒,罗伊·米勒,佐贺·史塔斯,桑德拉·萨德,剧情,同性,Nan
25702984,吕珍九,夏沇秀,李顺载,高庚杓,卢宙铉,剧情,Nan,Nan
2360882,李顺载,罗文姬,郑俊河,丁一宇,朴海美,剧情,喜剧,爱情
27089133,方力申,苏丽珊,袁文杰,高海宁,林盛斌,喜剧,爱情,Nan
30464589,滨崎真绪,정원,미리아,Nan,Nan,情色,Nan,Nan
26230695,徐宥利,Park,Won-bin,Kim,Yoon-jeon,爱情,情色,Nan
25785256,权赫峰,郭贤贞권현정,伊贤이선구,Nan,Nan,剧情,惊悚,情色
20381345,Nan,Nan,Nan,Nan,Nan,Nan,Nan,Nan
3403153,穆婷婷,蔡小艺,张冰,Nan,Nan,剧情,Nan,Nan
26631304,马卓,张振华,张胤哲,Nan,Nan,战争,Nan,Nan
3836070,马克·沃尔伯格,泰勒·克奇,埃米尔·赫斯基,本·福斯特,艾瑞克·巴纳,剧情,动作,传记
25900945,艾玛·沃森,丹·史蒂文斯,卢克·伊万斯,凯文·克莱恩,乔什·加德,爱情,歌舞,奇幻
26342391,彭于晏,王彦霖,辛芷蕾,蓝盈莹,王雨甜,剧情,动作,灾难
1438652,布拉德·皮特,梅拉尼·罗兰,克里斯托弗·沃尔兹,伊莱·罗斯,迈克尔·法斯宾德,剧情,犯罪,Nan
1302827,海利·乔·奥斯蒙,弗兰西丝·奥康纳,山姆·洛巴兹,杰克·托马斯,裘德·洛,剧情,科幻,冒险
26955451,詹姆斯·卡梅隆,雷德利·斯科特,史蒂文·斯皮尔伯格,彼得·卡帕尔迪,乔治·卢卡斯,纪录片,Nan,Nan
1295250,休·杰克曼,帕特里克·斯图尔特,伊恩·麦克莱恩,法米克·詹森,詹姆斯·麦斯登,动作,科幻,Nan
3168089,詹姆斯·麦卡沃伊,迈克尔·法斯宾德,詹纽瑞·琼斯,詹妮弗·劳伦斯,萝丝·拜恩,剧情,动作,科幻
26892564,汪东城,金晨,夏一瑶,韩玖诺,米娜,喜剧,爱情,古装
30204361,马克·麦克肯纳,席亚拉·博拉沃,杰米·尚帕涅,乔恩·尚帕涅,詹姆斯·厄尔,喜剧,动作,Nan
26735549,杰森·贝特曼,劳拉·琳妮,索菲娅·胡布利茨,斯凯勒·加特纳,朱莉娅·加纳,剧情,惊悚,犯罪
2363887,保罗·格罗斯,莎拉·加顿,爱德华·霍尔克罗夫特,扎克瑞·莱维,科尔·罗根,剧情,惊悚,犯罪
30223099,亚历克斯·罗伊,伊琳·珀威尔,福拉·埃文斯·阿金博拉,伊恩·凡尔登,丽纳·欧文,剧情,奇幻,Nan
27036735,伊丽莎白·莫斯,阿丽克西斯·布莱德尔,伊冯娜·斯特拉霍夫斯基,麦克思·明格拉,安·唐德,剧情,科幻,Nan
26200198,玛姬·丝弗,戴米恩·路易斯,保罗·吉亚玛提,玛琳·阿克曼,大卫·科斯塔贝尔,剧情,Nan,Nan
20388226,张可颐,刘美君,潘灿良,曾伟权,林利,剧情,家庭,Nan
1292213,周星驰,吴孟达,朱茵,蔡少芬,蓝洁瑛,喜剧,爱情,奇幻
1291561,柊瑠美,入野自由,夏木真理,菅原文太,中村彰男,剧情,动画,奇幻
2335122,凯特·贝金赛尔,马特·狄龙,维拉·法米加,安吉拉·贝塞特,大卫·休默,剧情,惊悚,Nan
27114240,麦克斯·胡巴赫,米兰·佩舍尔,弗雷德里克·劳,贝恩德·霍尔谢尔,瓦尔德马·科布斯,剧情,历史,战争
27604388,乔·博恩瑟,本·巴恩斯,艾波·罗丝·雷瓦,杰森·R·摩尔,弗罗瑞安娜·利马,剧情,动作,犯罪
1792928,休·杰克曼,列维·施瑞博尔,瑞恩·雷诺兹,丹尼·赫斯顿,泰勒·克奇,动作,科幻,Nan
27186532,Nan,Nan,Nan,Nan,Nan,Nan,Nan,Nan
5912992,孔侑,郑有美,金志映,金贤秀,郑仁絮,剧情,Nan,Nan
24745500,张震,刘诗诗,王千源,李东学,聂远,剧情,动作,武侠
1307306,宫泽理惠,真田广之,大杉涟,Nan,Nan,剧情,爱情,Nan
26974993,托马辛·麦肯齐,本·福斯特,Jeffery,Rifflard,Derek,剧情,Nan,Nan
20451290,汤姆·克鲁斯,罗素·克劳,安娜贝拉·沃丽丝,索菲亚·波多拉,杰克·约翰逊,动作,奇幻,冒险
20514798,扎克·埃夫隆,马西娅·盖伊·哈登,保罗·吉亚玛提,比利·鲍伯·松顿,汤姆·威灵,剧情,Nan,Nan
3036472,玛丽·伊丽莎白·温斯特德,麦克·辛,杰瑞米·雷纳,雷·利奥塔,罗伯特·帕特里克,剧情,悬疑,犯罪
30348443,李娜,Nan,Nan,Nan,Nan,短片,Nan,Nan
27068118,大卫·克劳斯,弗雷娅·梅弗,约翰·亨肖,哈利·米尔林,迈克尔·索恰,剧情,爱情,传记
30259071,Julie,Christiansen,安德斯·霍夫,彦斯·阿尔比努斯,埃斯本·司米德·詹森,剧情,Nan,Nan
27040921,胡军,袁泉,剧雪,别里克·艾特占诺夫,Nan,剧情,历史,Nan
30147434,稻垣吾郎,长谷川博己,池胁千鹤,涩川清彦,Nan,剧情,Nan,Nan
30368102,Shuli,Rand,Yaacov,Cohen,Nan,剧情,Nan,Nan
30393888,Hamdollah,Azizi,Mohammad,Azarakhsh,Nan,剧情,Nan,Nan
30408172,Bilas,Chandrahasan,Nair,Renji,Panicker,剧情,惊悚,Nan
3364223,莱昂纳多·迪卡普里奥,凯瑞·穆里根,托比·马奎尔,艾拉·菲舍尔,乔尔·埃哲顿,剧情,爱情,Nan
3072086,约瑟夫·高登-莱维特,佐伊·丹斯切尔,吉奥弗瑞·阿伦德,科洛·莫瑞兹,马修·格雷·古柏勒,剧情,喜剧,爱情
2129039,爱德华·阿斯纳,克里斯托弗·普卢默,乔丹·长井,鲍勃·彼德森,戴尔里·林多,剧情,喜剧,动画
26926321,大鹏,乔杉,古力娜扎,李鸿其,韩童生,喜剧,音乐,Nan
26662193,韩庚,郑恺,于文文,曾梦雪,罗米,喜剧,爱情,Nan
30158965,王以纶,许晓诺,完颜洛绒,张柏嘉,郑舒环,爱情,奇幻,Nan
26744597,蔡珩,顾璇,于恒,成泰燊,马浴柯,动作,奇幻,冒险
27087130,琪琪·莱恩,史蒂芬·詹姆士,雷吉娜·金,科尔曼·多明戈,泰娜·帕丽斯,剧情,爱情,犯罪
27126396,沈建宏,卓文萱,陈向熙,卓毓彤,Nan,喜剧,动作,爱情
30162758,郝文婷,高海诚,武虹言,闫立飞,郑龙,喜剧,动作,爱情
27624662,唐以诺,姚星竹,杨金赐,张春,Nan,剧情,悬疑,犯罪
30201023,马元,童蕾,萨日娜,李建义,吴迪,剧情,家庭,Nan
26469969,吴倩,郑业成,张雨剑,董琦,袁文康,爱情,奇幻,古装
11529526,黄晓明,邓超,佟大为,杜鹃,王真儿,剧情,Nan,Nan
26313973,杨幂,鹿晗,王景春,朱亚文,刘芮麟,剧情,悬疑,犯罪
1306249,周星驰,巩俐,陈百祥,郑佩佩,朱咪咪,喜剧,爱情,古装
26704590,曾志伟,余文乐,方皓玟,金燕玲,陈学文,剧情,家庭,Nan
26646387,尹斗俊,金瑟祺,Nan,Nan,Nan,剧情,爱情,奇幻
25937991,杉山纪彰,下屋则子,神谷浩史,川澄绫子,植田佳奈,动画,奇幻,Nan
1437331,Lino,Ventura,Leo,Genn,Suzanne,剧情,Nan,Nan
1441238,爱德华·诺顿,娜奥米·沃茨,托比·琼斯,黛安娜·里格,黄秋生,剧情,爱情,Nan
26727298,李钟硕,韩孝周,郑幼贞,姜其永,金义城,爱情,奇幻,Nan
3792799,吴君如,任达华,钟绍图,李治廷,蔡颖恩,剧情,家庭,Nan
30397901,易烊千玺,雷佳音,Nan,Nan,Nan,运动,真人秀,Nan
25907029,亚历克·鲍德温,迈尔斯·克里斯托弗·巴克什,吉米·坎摩尔,丽莎·库卓,史蒂夫·布西密,喜剧,动画,Nan
26322644,张嘉译,秦海璐,何冰,刘佩琦,李洪涛,剧情,历史,Nan
1866471,克里斯·海姆斯沃斯,娜塔莉·波特曼,汤姆·希德勒斯顿,安东尼·霍普金斯,斯特兰·斯卡斯加德,动作,奇幻,冒险
1931974,刘烨,孙俪,连奕名,傅彪,赵有亮,爱情,Nan,Nan
30133765,黄圣依,霍思燕,贾静雯,邓莎,杜宇麒,真人秀,Nan,Nan
27602222,何炅,黄磊,刘宪华,彭昱畅,Nan,真人秀,Nan,Nan
27194980,黄渤,孙红雷,黄磊,张艺兴,罗志祥,真人秀,Nan,Nan
30201000,王菲,何炅,黄渤,易烊千玺,任素汐,真人秀,Nan,Nan
30188120,赵薇,苏有朋,舒淇,王俊凯,白举纲,真人秀,Nan,Nan
30284874,Nan,Nan,Nan,Nan,Nan,Nan,Nan,Nan
30215848,张杰,谢娜,应采儿,陈小春,颖儿,真人秀,Nan,Nan
30294088,金多艺,金永大,洪书英,罗宗灿,李宥美,剧情,爱情,短片
1291574,汤姆·汉克斯,蒂姆·艾伦,琼·库萨克,凯尔希·格兰莫,唐·里克斯,喜剧,动画,奇幻
1291575,汤姆·汉克斯,蒂姆·艾伦,唐·里克斯,吉姆·法尼,Nan,喜剧,动画,家庭
30377051,吴昕,袁姗姗,傅园慧,何雯娜,李维嘉,真人秀,Nan,Nan
30306532,朴明秀,金成柱,郑山,Don,Spike,真人秀,Nan,Nan
26878103,塞缪尔·默瑟,西里尔·迪雷尔,苏珊娜·罗尔特-巴利特,米歇尔·贝尔,童菲,爱情,奇幻,Nan
1309046,娜塔莉·波特曼,雨果·维文,斯蒂芬·瑞,斯蒂芬·弗雷,约翰·赫特,剧情,动作,科幻
1483507,新海诚,篠原美香,Nan,Nan,Nan,剧情,动画,短片
10741643,阿米尔·汗,安努舒卡·莎玛,桑杰·达特,博曼·伊拉尼,沙鲁巴·舒克拉,喜剧,奇幻,Nan
1291818,郎雄,杨贵媚,吴倩莲,王渝文,张艾嘉,剧情,家庭,Nan
1291828,安东内拉·阿蒂利,恩佐·卡拉瓦勒,艾萨·丹尼埃利,里奥·故罗塔,马克·莱昂纳蒂,剧情,爱情,Nan
26389601,杰瑞米·雷纳,伊丽莎白·奥尔森,凯尔西·周,茱莉亚·琼斯,Nan,剧情,悬疑,犯罪
25798222,赵薇,黄渤,佟大为,郝蕾,张译,剧情,家庭,Nan
1305164,黎明,张曼玉,杨恭如,曾志伟,杜可风,剧情,爱情,Nan
1966460,余男,巴特尔,森格,Nan,Nan,剧情,爱情,Nan
3070921,斯图尔特·格雷厄姆,莱恩·梅加,布赖恩·米利根,利亚姆·麦克马洪,凯伦·汉森,剧情,传记,Nan
1299436,钮承泽,张世,庹宗华,林秀玲,杨丽音,剧情,Nan,Nan
1294540,李康生,陈湘琪,陆弈静,苗天,叶童,剧情,爱情,Nan
27126359,杰瑞德·莱托,本尼迪克特·王,奈德·丹内利,阿尼雅·马森,Ade,科幻,短片,Nan
24773958,小罗伯特·唐尼,克里斯·海姆斯沃斯,克里斯·埃文斯,马克·鲁弗洛,乔什·布洛林,动作,科幻,奇幻
26683421,黄政民,李星民,赵震雄,朱智勋,Nan,剧情,Nan,Nan
27072795,阿德里亚诺·塔尔迪奥洛,阿涅塞·格拉齐亚尼,卢卡·奇科瓦尼,阿尔巴·罗尔瓦赫尔,塞尔希·洛佩斯,剧情,奇幻,Nan
27160618,筱原凉子,广濑铃,板谷由夏,小池荣子,友坂理惠,剧情,喜剧,歌舞
27035334,木村拓哉,二宫和也,吉高由里子,松重丰,大仓孝二,剧情,悬疑,犯罪
26385514,菲丽希缇·琼斯,艾米·汉莫,贾斯汀·塞洛克斯,萨姆·沃特森,凯西·贝茨,剧情,传记,Nan
26649687,阿萨·巴特菲尔德,麦茜·威廉姆斯,妮娜·杜波夫,佩顿·李斯特,泰勒·霍奇林,剧情,喜剧,冒险
27109879,山田孝之,佐藤健,荒川良良,石桥桂,首くくり栲象,喜剧,Nan,Nan
27066184,卢卡斯·赫奇斯,妮可·基德曼,罗素·克劳,玛德琳·克莱因,维克托·麦凯,剧情,同性,传记
27199577,小栗旬,菅田将晖,桥本环奈,柳乐优弥,吉泽亮,喜剧,动作,冒险
27597950,尼古拉·雷·卡斯,法瑞斯·法瑞斯,约翰妮·路易斯·施密特,索伦·比尔马克,范妮·博内代尔,悬疑,惊悚,犯罪
30334122,凯蒂·道格拉斯,塞莉纳·马丁,莎拉·坎宁,阿玛莉亚·威廉姆森,凯特·维克里,科幻,Nan,Nan
26711223,史蒂夫·库根,约翰·C·赖利,雪莉·亨德森,妮娜·阿里安达,丹尼·赫斯顿,剧情,喜剧,传记
27179199,朱莉娅·罗伯茨,卢卡斯·赫奇斯,考特尼·万斯,凯瑟琳·纽顿,雷切尔·贝·琼斯,剧情,Nan,Nan
27604257,平手友梨奈,北川景子,威尔逊·绫香,高岛政伸,Nan,剧情,Nan,Nan
27064658,拉娜·康多,诺亚·琴蒂内奥,伊瑟尔·布罗萨德,贾娜尔·帕里希,安娜·卡思卡特,爱情,Nan,Nan
26988000,文森特·林顿,梅兰妮·罗弗,雅克·博尔德里,戴维·雷伊,奥利维尔·斯勒梅尔,剧情,Nan,Nan
26796664,张晋,戴夫·巴蒂斯塔,柳岩,杨紫琼,托尼·贾,剧情,动作,Nan
26878883,岛吾·德米尔考,穆拉特·杰姆吉尔,本努·耶勒德热姆拉尔,哈扎尔·埃尔居奇卢,塞尔坎·凯斯金,剧情,Nan,Nan
27109553,妮可·基德曼,托比·凯贝尔,塔提阿娜·玛斯拉尼,塞巴斯蒂安·斯坦,斯科特·麦克纳里,剧情,惊悚,犯罪
26992553,杰夫·布里吉斯,辛西娅·艾莉佛,达科塔·约翰逊,乔恩·哈姆,克里斯·海姆斯沃斯,剧情,悬疑,惊悚
27607255,阿黛拉·哈内尔,皮奥·马麦,奥黛丽·塔图,达米安·勃纳尔,樊尚·埃尔巴兹,剧情,喜剧,犯罪
26600786,约翰·C·赖利,杰昆·菲尼克斯,杰克·吉伦哈尔,里兹·阿迈德,卡罗尔·凯恩,犯罪,西部,冒险
30334399,曾美慧孜,陈湛文,陈万雷,麦强,邓月平,剧情,Nan,Nan
30412189,平田雄也,小池亮介,其原有沙,真锅薰,山崎银之丞,喜剧,动作,科幻
30158971,北香那,苍井优,钉宫理惠,潘惠美,福井美树,动画,Nan,Nan
26430636,道恩·强森,娜奥米·哈里斯,杰弗里·迪恩·摩根,玛琳·阿克曼,杰克·莱西,动作,科幻,冒险
30290776,石承镐,何紫妍,南苗,Nan,Nan,爱情,奇幻,Nan
30162520,刘太旿,伊琳娜·斯达申鲍姆,罗曼·比利克,菲利普·阿杰耶夫,亚历山大·戈尔奇林,音乐,传记,Nan
27604296,吴镇宇,古天乐,袁咏仪,张达明,吴肇轩,喜剧,家庭,Nan
3148663,威尔·法瑞尔,约翰·C·赖利,丽贝卡·豪尔,拉尔夫·费因斯,休·劳瑞,喜剧,悬疑,犯罪
3179698,艾梅柏·希尔德,嘉玛·陈,卡拉·迪瓦伊,杰米·亚历山大,詹森·艾萨克,悬疑,惊悚,犯罪
26627736,本尼西奥·德尔·托罗,乔什·布洛林,伊莎贝拉·莫奈,凯瑟琳·基纳,杰弗里·多诺万,剧情,动作,犯罪
27082461,中条彩未,佐野勇斗,清水寻也,恒松祐里,上白石萌歌,喜剧,Nan,Nan
30218116,吉田羊,佐野玲於,村上虹郎,佐藤魁,栗原类,剧情,Nan,Nan
26992114,役所广司,松坂桃李,真木阳子,泷藤贤一,田口智朗,剧情,犯罪,Nan
26945122,宋康昊,曹政奭,裴斗娜,李星民,金大明,剧情,动作,犯罪
30206431,杨太义,李云虎,万众,聂栋才,Nan,剧情,家庭,儿童
27184199,安德斯·丹尼尔森·李,乔纳斯·斯特兰德·格利,乔恩·奥伊登,玛丽亚·波克,托尔比约恩·哈尔,剧情,历史,犯罪
27187912,孔晓振,柳俊烈,曹政奭,廉晶雅,全慧珍,动作,Nan,Nan
30168032,董畅,伊丽莎维塔·科诺诺娃,维塔利·哈耶夫,格兰特·吐火添,谢尔盖·奇尔科夫,喜剧,爱情,Nan
30148183,吴世勋,姜美娜,李济延,金熙镇,姜多贤,动作,Nan,Nan
30143861,比蒂·埃德蒙森,艾德·斯克林,米兰卡·布鲁克斯,杰玛·琼斯,切瑞·朗吉,喜剧,家庭,Nan
30322398,Abhimanyu,Dasani,Radhika,Madan,Nan,喜剧,动作,Nan
27621494,郑人硕,徐若瑄,吴至璿,张书伟,龙劭华,恐怖,Nan,Nan
30156266,陈张太康,佟心竹,李兰陵,沈念如,阎么么,爱情,动画,Nan
27017673,马尔切洛·丰特,爱德华多·佩谢,农齐娅·斯基亚诺,亚当·迪奥尼西,弗朗西斯科·阿克夸利,剧情,惊悚,犯罪
30423524,维杰·卡沙尔,亚米·高塔姆,基尔蒂·库哈里,Nan,Nan,剧情,动作,战争
26762269,桑尼·苏尔季克,凯瑟琳·沃特斯顿,卢卡斯·赫奇斯,纳-凯尔·史密斯,奥伦·普雷纳特,剧情,喜剧,Nan
26348846,塔伦·埃格顿,杰米·福克斯,本·门德尔森,伊芙·休森,詹米·多南,动作,冒险,Nan
27135946,杰克·吉伦哈尔,蕾妮·罗素,托妮·科莱特,约翰·马尔科维奇,扎威·阿什顿,剧情,悬疑,惊悚
26958485,吴镇宇,潘灿良,黄德斌,胡子彤,胡定欣,剧情,Nan,Nan
27149755,马修·阿马立克,伯努瓦·波尔沃德,吉约姆·卡内,玛琳娜·佛伊丝,菲烈·卡特林,剧情,喜剧,Nan
30197496,费利克斯·马利陶德,埃里克·伯纳德,尼古拉斯·迪布拉,菲利普·奥雷尔,Nan,剧情,情色,同性
26786317,安德鲁·加菲尔德,狄波拉·盖夫娜,丽莉·克亚芙,瑞琪·琳德赫姆,克里斯·加恩,剧情,喜剧,惊悚
27156537,安杰洛·穆蒂·斯皮內塔,劳塔罗‧罗德里格斯,吉列尔莫·普宁,玛丽安娜·安希列里,本尼西奥·穆蒂·斯皮内塔,剧情,同性,Nan
26437223,马克·沃尔伯格,劳伦·科汉,伊科·乌艾斯,约翰·马尔科维奇,龙达·鲁西,动作,犯罪,冒险
27098363,克里斯蒂安·史莱特,凡妮莎·威廉斯,比利·布朗,克里斯汀·鲍尔,吉迪恩·埃默里,动作,动画,Nan
27091624,马东锡,金赛纶,李相烨,陈善圭,张光,动作,悬疑,Nan
27063403,小岩井小鸟,村川梨衣,佐仓绫音,阿澄佳奈,名塚佳织,喜剧,动画,Nan
30406190,西蒙·罗伊尔,马林·拉菲特,奥里安·巴巴扎,艾瑞斯·加斯特勒,安布尔·兰博德,剧情,同性,Nan
26908287,奥利维亚·库克,奥斯卡·伊萨克,奥利维亚·王尔德,塞缪尔·杰克逊,安东尼奥·班德拉斯,剧情,爱情,Nan
27168151,朴海日,秀爱,尹宰文,罗美兰,金奎善,剧情,情色,Nan
30195228,樊尚·埃尔巴兹,玛丽-索菲·费尔达纳,皮埃尔·贝内齐,穆恩·戴莉,布朗什·加丁,喜剧,Nan,Nan
30286112,费利克斯·马利陶德,尼古拉斯·鲍文斯,汤米·李·巴克,奥雷·阿蒂卡,玛丽·德纳尔诺,剧情,爱情,同性
27601070,马里奥·卡萨斯,理查德·范·韦登,阿兰·埃尔南德斯,阿德里亚·萨拉查,爱德华·布赫,传记,历史,战争
26779571,萨梅尔·叶斯利亚莫娃,Zhipargul,Abdilaeva,David,Alaverdyan,剧情,Nan,Nan
26852903,娜塔莉·波特曼,裘德·洛,拉菲·卡西迪,斯塔西·马汀,威廉·达福,剧情,音乐,Nan
3212397,莉莉·詹姆斯,米契尔·哈思曼,格伦·鲍威尔,马修·古迪,杰西卡·布朗·芬德利,剧情,爱情,历史
26975011,玄彬,赵宇镇,张东健,金义城,李善彬,动作,恐怖,Nan
30188247,安东尼奥·德·拉·托雷,奇诺·达林,阿方索·托特,凯撒·特龙科索,索蕾达·维拉米尔,剧情,历史,犯罪
10546771,詹妮弗·洛佩兹,凡妮莎·哈金斯,丽亚·雷米尼,特里特·威廉斯,米洛·文堤米利亚,喜剧,爱情,Nan
27621184,竹内凉真,滨边美波,佐藤大树,川荣李奈,新川优爱,喜剧,爱情,Nan
27102557,哈多拉·吉尔哈罗多蒂,约翰·西格罗森,胡安·卡米洛·罗曼·埃斯特拉达,乔伦德尔·拉格纳松,苏威·阿纳斯多特,剧情,喜剧,Nan
27050878,威廉·达福,鲁伯特·弗兰德,奥斯卡·伊萨克,麦斯·米科尔森,马修·阿马立克,剧情,传记,Nan
30192287,桑尼·苏瓦美塔农,尤拉萨雅·斯帕邦德,尼查坤·抔勒威查固,安楚义昂·布阿嘎育,婵査勒姆·曼纳萨朋,喜剧,爱情,Nan
27098365,杰瑞·奥康奈尔,丽贝卡·罗梅恩,雷恩·威尔森,帕特里克·法比安,查尔斯·哈尔福德,动作,科幻,动画
27165968,尼古拉斯·凯奇,克里斯汀·贝尔,威尔·阿奈特,塔拉·斯特朗,詹姆斯·柯登,喜剧,动作,动画
27191829,山田孝之,长泽雅美,室毅,胜矢,太贺,喜剧,爱情,Nan
26989735,长濑智也,藤冈靛,高桥一生,深田恭子,岸部一德,剧情,悬疑,Nan
27069377,王真儿,吕聿来,耿乐,张瑶,王彩平,剧情,悬疑,Nan
26830774,让-吕克·戈达尔,Nan,Nan,Nan,Nan,剧情,Nan,Nan
30209020,夏于乔,邹承恩,陈博正,Nan,Nan,剧情,惊悚,恐怖
26683287,凡妮莎·帕拉迪丝,凯特·莫兰,尼古拉斯·莫瑞,乔纳森·日奈,哈立德·俄卢阿什,剧情,惊悚,同性
26825688,李诗英,朴世婉,崔镇浩,李俊赫,李亨哲,动作,Nan,Nan
26601224,哈维尔·巴登,佩内洛普·克鲁兹,里卡多·达林,巴巴拉·莱涅,埃尔薇拉·明戈斯,剧情,悬疑,Nan
26658194,克莱尔·芙伊,斯瓦利尔·古德纳松,西尔维娅·侯克斯,勒凯斯·斯坦菲尔德,斯戴芬·莫昌特,剧情,惊悚,犯罪
27025631,朴海日,文素丽,郑镇荣,朴素丹,Nan,剧情,爱情,历史
26942853,英迪娅·埃斯利,詹森·艾萨克,佩内洛普·米契尔,米拉·索维诺,Nan,惊悚,Nan,Nan
30189817,纪柱峰,金敏喜,宋宣美,权海虓,刘俊相,剧情,Nan,Nan
26905717,伊兰·诺尔,莱克斯·斯科特·戴维斯,乔瓦恩·韦德,马加,帕奇·德拉奇,科幻,惊悚,犯罪
26979347,兰比尔·卡普尔,帕莱什·拉瓦尔,玛尼沙·柯伊拉拉,维杰·卡沙尔,安努舒卡·莎玛,剧情,传记,Nan
26908051,丹·史蒂文斯,麦克·辛,露西·宝通,比尔·米尔纳,理查德·艾尔芬,悬疑,惊悚,恐怖
27013111,杰瑞米·雷纳,乔恩·哈姆,艾德·赫尔姆斯,安娜贝拉·沃丽丝,艾拉·菲舍尔,喜剧,Nan,Nan
26969244,乔伊·金,乔尔·考特尼,莫尔纳·维瑟,莫利·林沃德,Nathan,喜剧,爱情,Nan
26935281,黄璐,李淳,龚子涵,Nan,Nan,剧情,Nan,Nan
27203619,林昕宜,李立北,来喜,白凯南,黑妹,剧情,喜剧,Nan
27127793,克里斯托弗·埃克莱斯顿,阿奈林·巴纳德,弗雷娅·梅弗,汤姆·威尔金森,格辛·安东尼,剧情,喜剧,动作
26730542,蔡凡熙,项婕如,谢金燕,刘奕儿,张墨锡,喜剧,爱情,Nan
25850442,本尼迪克特·康伯巴奇,克里斯蒂安·贝尔,凯特·布兰切特,安迪·瑟金斯,娜奥米·哈里斯,剧情,冒险,Nan
30355903,艾伦·里奇,凯伦·汉森,亚力克·塞克雷亚努,汤姆·格林-卡尼,图尔洛夫·科维里,剧情,犯罪,Nan
3274508,亚当·德赖弗,欧嘉·柯瑞兰寇,乔纳森·普雷斯,斯特兰·斯卡斯加德,奥斯卡·贾恩那达,剧情,喜剧,奇幻
27097816,韩朴俊,朱颜曼滋,李心敏,何索,韩秋池,剧情,悬疑,犯罪
27197468,莎娜·凯斯雷克,詹姆士·奎因·马奇,西蒙妮·柯比,史蒂夫·沃尔,欧文·马肯,恐怖,Nan,Nan
26722224,克里夫·欧文,阿曼达·塞弗里德,科鲁姆·费奥瑞,索尼亚·瓦格尔,马克·奥布莱恩,科幻,惊悚,Nan
27121032,金喜爱,金海淑,艺秀晶,文淑,李龙女,剧情,Nan,Nan
30411657,迪恩·安德鲁斯,露丝·布莱德利,碧碧·凯芙,阿米莉亚·戴尔,理查德·道布尔迪,悬疑,犯罪,Nan
30466832,孙嘉灵,李九霄,张超,李婷婷,陈博豪,爱情,Nan,Nan
26389835,伊丽莎白·莫斯,西尔莎·罗南,安妮特·贝宁,寇瑞·斯托尔,布莱恩·丹内利,剧情,Nan,Nan
27037052,真木阳子,井上真央,樱庭奈奈美,大泉洋,大谷亮平,剧情,家庭,Nan
27002092,朱莉娅·奥蒙德,安格瑞·赖斯,瑞切尔·泰勒,瑞安·柯尔,文森特·佩雷斯,剧情,喜剧,Nan
26999591,高桥未奈美,佐仓绫音,木户衣吹,Nan,Nan,动画,Nan,Nan
26931155,林柏宏,石安妮,王芊,何明翰,苑琼丹,剧情,爱情,Nan
30174107,贝纳兹·贾法里,贾法·帕纳西,Nan,Nan,Nan,剧情,Nan,Nan
26661189,董子健,钟楚曦,春夏,袁福福,靳锦,喜剧,爱情,Nan
27145025,松本梨香,大谷育江,林原惠美,三木真一郎,犬山犬子,动画,奇幻,冒险
27107625,福山润,樱井孝宏,野上尤加奈,小清水亚美,名塚佳织,动作,科幻,动画
27611038,泽尻英龙华,吉泽亮,峯田和伸,岩松了,Nan,剧情,Nan,Nan
30228425,玛德琳·布鲁尔,帕奇·德拉奇,梅洛拉·沃尔特斯,戴文·德鲁伊,伊马尼·哈基姆,悬疑,惊悚,恐怖
