disp,km,name,price,time,trans,url
<span>1.6L</span>,<span>3.15万公里</span>,标致301 2014款 1.6L 手动舒适版,3.68,"<span style=""line-height: 0.5;"">
                <img src=""https://image1.guazistatic.com/qn2004161741144a36e219044c6a355b2a0dfa6dfe841e.jpg"" style=""height: 24px;line-height: 24px;"">
            </span>",<span>手动</span>,https://www.guazi.com/weifang/657840d8d76c0f8dx.htm#fr_page=list&fr_pos=city&fr_no=0
<span>2.0L</span>,<span>0.16万公里</span>,丰田 亚洲龙 2019款 2.0L 豪华版,21.00,"<span style=""line-height: 0.5;"">
                <img src=""https://image1.guazistatic.com/qn20041617412373a8deb89da6b5b746c1be961d7380c0.jpg"" style=""height: 24px;line-height: 24px;"">
            </span>",<span>自动</span>,https://www.guazi.com/km/85bede42960742e7x.htm#fr_page=list&fr_pos=city&fr_no=36
<span>2.4L</span>,<span>3.96万公里</span>,别克GL8 2014款 2.4L 行政版,10.76,"<span style=""line-height: 0.5;"">
                <img src=""https://image1.guazistatic.com/qn200416174112d49d8d1cfe03676aad188b2be1136a43.jpg"" style=""height: 24px;line-height: 24px;"">
            </span>",<span>自动</span>,https://www.guazi.com/sh/ab4c322e812d7194x.htm#fr_page=list&fr_pos=city&fr_no=35
<span>1.6T</span>,<span>13.51万公里</span>,别克 君威 2015款 1.6T 时尚技术型,8.90,"<span style=""line-height: 0.5;"">
                <img src=""https://image1.guazistatic.com/qn20041617411333eaa6cd35ec618eb63d208d43108adb.jpg"" style=""height: 24px;line-height: 24px;"">
            </span>",<span>自动</span>,https://www.guazi.com/zz/2102f9d9a7c95a28x.htm#fr_page=list&fr_pos=city&fr_no=33
<span>2.0L</span>,<span>6.45万公里</span>,起亚 智跑 2015款 2.0L 手动两驱版GL,6.98,"<span style=""line-height: 0.5;"">
                <img src=""https://image1.guazistatic.com/qn200416174114b96a36fc249cb46c5a1436aa1128de92.jpg"" style=""height: 24px;line-height: 24px;"">
            </span>",<span>手动</span>,https://www.guazi.com/jn/68626e5f9a41b048x.htm#fr_page=list&fr_pos=city&fr_no=31
<span>1.6L</span>,<span>8.39万公里</span>,MINI Countryman 2011款 1.6L COOPER Fun,9.99,"<span style=""line-height: 0.5;"">
                <img src=""https://image1.guazistatic.com/qn200416174108a0d2590d9c905754a858fc52c389e146.jpg"" style=""height: 24px;line-height: 24px;"">
            </span>",<span>自动</span>,https://www.guazi.com/zz/3b38530cdc0a4027x.htm#fr_page=list&fr_pos=city&fr_no=34
<span>1.5L</span>,<span>3.59万公里</span>,吉利 帝豪 2018款 1.5L CVT向上互联版,5.68,"<span style=""line-height: 0.5;"">
                <img src=""https://image1.guazistatic.com/qn20041617411804a3be7aa17a941f46f2575f44a66e11.jpg"" style=""height: 24px;line-height: 24px;"">
            </span>",<span>自动</span>,https://www.guazi.com/cs/c8765806f3c4376ex.htm#fr_page=list&fr_pos=city&fr_no=30
<span>2.0L</span>,<span>13.89万公里</span>,宝马3系 2011款 320i 时尚型,8.98,"<span style=""line-height: 0.5;"">
                <img src=""https://image1.guazistatic.com/qn20041617410819bd065c3813ccdaf1f81dfb124c0b39.jpg"" style=""height: 24px;line-height: 24px;"">
            </span>",<span>自动</span>,https://www.guazi.com/hrb/d6b60b665f802987x.htm#fr_page=list&fr_pos=city&fr_no=39
<span>1.6L</span>,<span>7.38万公里</span>,斯柯达 昕动 2016款 改款 1.6L 手动前行版,4.68,"<span style=""line-height: 0.5;"">
                <img src=""https://image1.guazistatic.com/qn20041617411539fc2eee31472b2fac272e92d9dfab1b.jpg"" style=""height: 24px;line-height: 24px;"">
            </span>",<span>手动</span>,https://www.guazi.com/sy/ba9c2a16635313a0x.htm#fr_page=list&fr_pos=city&fr_no=28
<span>2.0T</span>,<span>9.64万公里</span>,宝马5系 2014款 520i 典雅型(进口),20.80,"<span style=""line-height: 0.5;"">
                <img src=""https://image1.guazistatic.com/qn20041617411175e23982a320e9edd959d2dfbf0bfdc2.jpg"" style=""height: 24px;line-height: 24px;"">
            </span>",<span>自动</span>,https://www.guazi.com/tangshan/cf183d85022c494cx.htm#fr_page=list&fr_pos=city&fr_no=38
<span>1.6L</span>,<span>1.98万公里</span>,起亚K3 2017款 1.6L 自动15周年特别版GLS,8.55,"<span style=""line-height: 0.5;"">
                <img src=""https://image1.guazistatic.com/qn200416174119bf590f9b9b7e40713bca2ec1fbedf66f.jpg"" style=""height: 24px;line-height: 24px;"">
            </span>",<span>自动</span>,https://www.guazi.com/su/a6bf5af6010cab51x.htm#fr_page=list&fr_pos=city&fr_no=37
<span>1.5T</span>,<span>5.12万公里</span>,福特 福克斯 2015款 两厢 EcoBoost 180 自动精英型,7.80,"<span style=""line-height: 0.5;"">
                <img src=""https://image1.guazistatic.com/qn2004161741157774f6f4a2fbefdfddc471edc8023b39.jpg"" style=""height: 24px;line-height: 24px;"">
            </span>",<span>自动</span>,https://www.guazi.com/jinhua/3b3f752eff798359x.htm#fr_page=list&fr_pos=city&fr_no=29
<span>2.0L</span>,<span>5.13万公里</span>,江淮 瑞风M4 2016款 2.0L 手动豪华智能型,7.88,"<span style=""line-height: 0.5;"">
                <img src=""https://image1.guazistatic.com/qn200416174117e46a4b5096bc110bd5c8e09a8eab3a92.jpg"" style=""height: 24px;line-height: 24px;"">
            </span>",<span>手动</span>,https://www.guazi.com/changzhou/26da4fa6170da09ax.htm#fr_page=list&fr_pos=city&fr_no=38
<span>1.6L</span>,<span>9.57万公里</span>,别克 英朗 2012款 XT 1.6L 自动时尚版,4.18,"<span style=""line-height: 0.5;"">
                <img src=""https://image1.guazistatic.com/qn20041617410819bd065c3813ccdaf1f81dfb124c0b39.jpg"" style=""height: 24px;line-height: 24px;"">
            </span>",<span>自动</span>,https://www.guazi.com/zhongshan/3c6214c03df1d32ex.htm#fr_page=list&fr_pos=city&fr_no=0
<span>2.0L</span>,<span>5.13万公里</span>,雷克萨斯ES 2015款 200 精英版,26.80,"<span style=""line-height: 0.5;"">
                <img src=""https://image1.guazistatic.com/qn2004161741188015069aaa867bf40f8d1488a5090d5e.jpg"" style=""height: 24px;line-height: 24px;"">
            </span>",<span>自动</span>,https://www.guazi.com/gz/828d897206d8a9acx.htm#fr_page=list&fr_pos=city&fr_no=39
<span>2.0T</span>,<span>11.7万公里</span>,奥迪Q5 2013款 40 TFSI 进取型,19.98,"<span style=""line-height: 0.5;"">
                <img src=""https://image1.guazistatic.com/qn2004161741116499f6f8e801814dabafe2aa1ffb9bb3.jpg"" style=""height: 24px;line-height: 24px;"">
            </span>",<span>自动</span>,https://www.guazi.com/zhongshan/cb273bfc2dd0bc14x.htm#fr_page=list&fr_pos=city&fr_no=39
<span>3.0L</span>,<span>3.67万公里</span>,三菱 帕杰罗·劲畅 2013款 3.0L 自动两驱豪华版,14.98,"<span style=""line-height: 0.5;"">
                <img src=""https://image1.guazistatic.com/qn200416174114a948d4ad024375f4f22620285db66e73.jpg"" style=""height: 24px;line-height: 24px;"">
            </span>",<span>自动</span>,https://www.guazi.com/foshan/52ea0a8f4cc185c1x.htm#fr_page=list&fr_pos=city&fr_no=36
<span>1.5L</span>,<span>6.35万公里</span>,日产 阳光 2015款 1.5XE CVT舒适版,5.38,"<span style=""line-height: 0.5;"">
                <img src=""https://image1.guazistatic.com/qn200416174117e46a4b5096bc110bd5c8e09a8eab3a92.jpg"" style=""height: 24px;line-height: 24px;"">
            </span>",<span>自动</span>,https://www.guazi.com/dg/a79849c6c8766e75x.htm#fr_page=list&fr_pos=city&fr_no=38
<span>2.0T</span>,<span>15.9万公里</span>,宝马5系 2013款 520Li 典雅型,18.00,"<span style=""line-height: 0.5;"">
                <img src=""https://image1.guazistatic.com/qn200416174109e0e0997e0d1d3e1aef01456fd3a5835c.jpg"" style=""height: 24px;line-height: 24px;"">
            </span>",<span>自动</span>,https://www.guazi.com/nmg/02527d0196fb694bx.htm#fr_page=list&fr_pos=city&fr_no=32
<span>2.0T</span>,<span>0.81万公里</span>,长城 风骏7 2019款 2.0T柴油四驱精英型国VI大双4D20M,10.20,"<span style=""line-height: 0.5;"">
                <img src=""https://image1.guazistatic.com/qn2004161741221f66c51df7a6e91643f21920f9885662.jpg"" style=""height: 24px;line-height: 24px;"">
            </span>",<span>手动</span>,https://www.guazi.com/sjz/b034a5ad31bce941x.htm#fr_page=list&fr_pos=city&fr_no=34
<span>1.6L</span>,<span>5.45万公里</span>,日产 轩逸 2016款 1.6XL  CVT尊享版,8.40,"<span style=""line-height: 0.5;"">
                <img src=""https://image1.guazistatic.com/qn2004161741175a0766868ff33e69fb29048186f19211.jpg"" style=""height: 24px;line-height: 24px;"">
            </span>",<span>自动</span>,https://www.guazi.com/ganzhou/ec43440dba1fa1c6x.htm#fr_page=list&fr_pos=city&fr_no=32
<span>1.0T</span>,<span>0.82万公里</span>,吉利 缤瑞 2019款 200T DCT缤致版,7.38,"<span style=""line-height: 0.5;"">
                <img src=""https://image1.guazistatic.com/qn200416174122d5d1546cc9cfdf853fa2af86f65269e9.jpg"" style=""height: 24px;line-height: 24px;"">
            </span>",<span>自动</span>,https://www.guazi.com/gz/3bb413fbd01f77b0x.htm#fr_page=list&fr_pos=city&fr_no=35
<span>1.4L</span>,<span>7.26万公里</span>,大众POLO 2016款 1.4L 手动风尚型,5.10,"<span style=""line-height: 0.5;"">
                <img src=""https://image1.guazistatic.com/qn2004161741157774f6f4a2fbefdfddc471edc8023b39.jpg"" style=""height: 24px;line-height: 24px;"">
            </span>",<span>手动</span>,https://www.guazi.com/jn/9d8794f18307c715x.htm#fr_page=list&fr_pos=city&fr_no=37
<span>1.4T</span>,<span>2.91万公里</span>,奥迪A3 2018款 30周年年型 Limousine 35 TFSI 进取型,14.38,"<span style=""line-height: 0.5;"">
                <img src=""https://image1.guazistatic.com/qn200416174117741be3826f346282d55be18e4bfb0ec2.jpg"" style=""height: 24px;line-height: 24px;"">
            </span>",<span>自动</span>,https://www.guazi.com/dg/394e3af843ae0b03x.htm#fr_page=list&fr_pos=city&fr_no=33
<span>2.0T</span>,<span>1.94万公里</span>,大众 途观L 2018款 330TSI 自动两驱风尚版,16.90,"<span style=""line-height: 0.5;"">
                <img src=""https://image1.guazistatic.com/qn2004161741188015069aaa867bf40f8d1488a5090d5e.jpg"" style=""height: 24px;line-height: 24px;"">
            </span>",<span>自动</span>,https://www.guazi.com/zhangjiakou/3d2b674b863ee0e1x.htm#fr_page=list&fr_pos=city&fr_no=31
<span>2.4L</span>,<span>11.61万公里</span>,本田 雅阁 2016款 2.4L EX 新春限量特装版,15.39,"<span style=""line-height: 0.5;"">
                <img src=""https://image1.guazistatic.com/qn2004161741149f4f0e24a3ea0492f1bd17f63df2867b.jpg"" style=""height: 24px;line-height: 24px;"">
            </span>",<span>自动</span>,https://www.guazi.com/gz/27a1c47c2d3a9f01x.htm#fr_page=list&fr_pos=city&fr_no=28
<span>1.8L</span>,<span>7.89万公里</span>,本田 杰德 2013款 1.8L 自动舒适版 5座,8.28,"<span style=""line-height: 0.5;"">
                <img src=""https://image1.guazistatic.com/qn200416174111dd2c186693271f61afcb26a7a88ecf07.jpg"" style=""height: 24px;line-height: 24px;"">
            </span>",<span>自动</span>,https://www.guazi.com/zjtaizhou/05fdca293469f029x.htm#fr_page=list&fr_pos=city&fr_no=27
<span>2.0T</span>,<span>4.8万公里</span>,奔驰E级 2016款 E 200 L 运动型,34.80,"<span style=""line-height: 0.5;"">
                <img src=""https://image1.guazistatic.com/qn200416174115f3828cfb81846e32d827871b1a2fc76b.jpg"" style=""height: 24px;line-height: 24px;"">
            </span>",<span>自动</span>,https://www.guazi.com/cd/eef47c0f38aebb28x.htm#fr_page=list&fr_pos=city&fr_no=22
<span>2.0L</span>,<span>4.84万公里</span>,起亚 狮跑 2013款 2.0L 自动两驱版GL,7.70,"<span style=""line-height: 0.5;"">
                <img src=""https://image1.guazistatic.com/qn200416174115854ec376eb70f86ac58d2e99d7371265.jpg"" style=""height: 24px;line-height: 24px;"">
            </span>",<span>自动</span>,https://www.guazi.com/jn/4ebebf8312fa6f94x.htm#fr_page=list&fr_pos=city&fr_no=26
<span>1.3L</span>,<span>10.84万公里</span>,众泰5008 2010款 1.3L 手动舒适型,0.88,"<span style=""line-height: 0.5;"">
                <img src=""https://image1.guazistatic.com/qn2004161741068bffba745140560aba9d8d27aebd6830.jpg"" style=""height: 24px;line-height: 24px;"">
            </span>",<span>手动</span>,https://www.guazi.com/lianyungang/fb1a1f1c43336685x.htm#fr_page=list&fr_pos=city&fr_no=30
<span>2.0L</span>,<span>4.49万公里</span>,三菱 欧蓝德 2018款 2.0L 两驱荣耀版 5座,13.38,"<span style=""line-height: 0.5;"">
                <img src=""https://image1.guazistatic.com/qn2004161741186081dbc36e484b2f0c77a4fe1e9bf1b4.jpg"" style=""height: 24px;line-height: 24px;"">
            </span>",<span>自动</span>,https://www.guazi.com/jn/17595ca2138a9e4ax.htm#fr_page=list&fr_pos=city&fr_no=29
<span>1.5T</span>,<span>5.41万公里</span>,本田CR-V 2017款 240TURBO CVT两驱舒适版,16.00,"<span style=""line-height: 0.5;"">
                <img src=""https://image1.guazistatic.com/qn2004161741178519b41aa01b5cca1c8e4a3f1195f5a4.jpg"" style=""height: 24px;line-height: 24px;"">
            </span>",<span>自动</span>,https://www.guazi.com/zhangjiakou/b081b5f3dd3f0dc1x.htm#fr_page=list&fr_pos=city&fr_no=24
<span>2.0T</span>,<span>1.31万公里</span>,众泰T800 2018款 2.0T 自动尊享智联型 7座,8.08,"<span style=""line-height: 0.5;"">
                <img src=""https://image1.guazistatic.com/qn200416174119babcd1425446285724e35a4c637c270c.jpg"" style=""height: 24px;line-height: 24px;"">
            </span>",<span>自动</span>,https://www.guazi.com/luzhou/c49637d0e1e06a8ex.htm#fr_page=list&fr_pos=city&fr_no=21
<span>2.0T</span>,<span>4.34万公里</span>,奥迪Q5L 2018款 40 TFSI 荣享时尚型 国V,33.95,"<span style=""line-height: 0.5;"">
                <img src=""https://image1.guazistatic.com/qn200416174120ab275d5bf6ab47f3d7670b81c1f501cc.jpg"" style=""height: 24px;line-height: 24px;"">
            </span>",<span>自动</span>,https://www.guazi.com/hrb/14c5ca91acd5870ex.htm#fr_page=list&fr_pos=city&fr_no=23
<span>2.0T</span>,<span>5.24万公里</span>,奔驰CLA级AMG 2014款 AMG CLA 45 4MATIC,28.80,"<span style=""line-height: 0.5;"">
                <img src=""https://image1.guazistatic.com/qn200416174113e0ccff5233a8060375d917220d182323.jpg"" style=""height: 24px;line-height: 24px;"">
            </span>",<span>自动</span>,https://www.guazi.com/dl/77eaa3d6a48a6ad0x.htm#fr_page=list&fr_pos=city&fr_no=20
<span>2.5L</span>,<span>12.38万公里</span>,奔驰C级 2008款 C 230 时尚型,7.50,"<span style=""line-height: 0.5;"">
                <img src=""https://image1.guazistatic.com/qn200416174103b351c9083b117a753a8d7f2bac8e2572.jpg"" style=""height: 24px;line-height: 24px;"">
            </span>",<span>自动</span>,https://www.guazi.com/cc/1ad67c72219f18d5x.htm#fr_page=list&fr_pos=city&fr_no=17
<span>1.5L</span>,<span>0.58万公里</span>,吉利 远景X3 2019款 升级版 1.5L CVT精英型,5.68,"<span style=""line-height: 0.5;"">
                <img src=""https://image1.guazistatic.com/qn200416174121523cb656c29c3a88033d1ac858675d40.jpg"" style=""height: 24px;line-height: 24px;"">
            </span>",<span>自动</span>,https://www.guazi.com/sjz/e2e067353196b506x.htm#fr_page=list&fr_pos=city&fr_no=16
<span>2.0T</span>,<span>4.22万公里</span>,奥迪A4L 2017款 40 TFSI 时尚型,22.45,"<span style=""line-height: 0.5;"">
                <img src=""https://image1.guazistatic.com/qn200416174117e46a4b5096bc110bd5c8e09a8eab3a92.jpg"" style=""height: 24px;line-height: 24px;"">
            </span>",<span>自动</span>,https://www.guazi.com/hz/c97a19a5fe8158ddx.htm#fr_page=list&fr_pos=city&fr_no=25
<span>2.0T</span>,<span>4.92万公里</span>,奔驰C级 2015款 C 200 L 运动型,21.88,"<span style=""line-height: 0.5;"">
                <img src=""https://image1.guazistatic.com/qn2004161741138e1121898521d114000fe06df9188db9.jpg"" style=""height: 24px;line-height: 24px;"">
            </span>",<span>自动</span>,https://www.guazi.com/bj/6c13fd7b7604a9e3x.htm#fr_page=list&fr_pos=city&fr_no=19
<span>1.5T</span>,<span>2.87万公里</span>,本田 冠道 2017款 240TURBO 两驱精英版,20.50,"<span style=""line-height: 0.5;"">
                <img src=""https://image1.guazistatic.com/qn200416174119bf590f9b9b7e40713bca2ec1fbedf66f.jpg"" style=""height: 24px;line-height: 24px;"">
            </span>",<span>自动</span>,https://www.guazi.com/wh/9aa4330132232a5fx.htm#fr_page=list&fr_pos=city&fr_no=14
<span>0.9T</span>,<span>2.42万公里</span>,Smart smart forfour 2018款 0.9T 66千瓦先锋版,11.98,"<span style=""line-height: 0.5;"">
                <img src=""https://image1.guazistatic.com/qn2004161741184e048054c1edd8b4ce2425387e063167.jpg"" style=""height: 24px;line-height: 24px;"">
            </span>",<span>自动</span>,https://www.guazi.com/wh/a2574a1712e0a1dex.htm#fr_page=list&fr_pos=city&fr_no=13
<span>1.8L</span>,<span>8.77万公里</span>,本田 缤智 2015款 1.8L CVT两驱精英型,7.88,"<span style=""line-height: 0.5;"">
                <img src=""https://image1.guazistatic.com/qn200416174113e0ccff5233a8060375d917220d182323.jpg"" style=""height: 24px;line-height: 24px;"">
            </span>",<span>自动</span>,https://www.guazi.com/ty/a23ca26a6350e854x.htm#fr_page=list&fr_pos=city&fr_no=18
<span>2.0T</span>,<span>2.93万公里</span>,奥迪Q5 2018款 典藏版 40 TFSI 技术型,28.50,"<span style=""line-height: 0.5;"">
                <img src=""https://image1.guazistatic.com/qn2004161741186081dbc36e484b2f0c77a4fe1e9bf1b4.jpg"" style=""height: 24px;line-height: 24px;"">
            </span>",<span>自动</span>,https://www.guazi.com/hrb/bf8a367320d1db65x.htm#fr_page=list&fr_pos=city&fr_no=15
<span>1.6L</span>,<span>5.64万公里</span>,日产 轩逸 2012款 经典 1.6XE 手动舒适版,4.48,"<span style=""line-height: 0.5;"">
                <img src=""https://image1.guazistatic.com/qn200416174111d51ba6679f7be72270cbc2ce12bcfdf3.jpg"" style=""height: 24px;line-height: 24px;"">
            </span>",<span>手动</span>,https://www.guazi.com/sjz/d4e409e2b13366adx.htm#fr_page=list&fr_pos=city&fr_no=12
<span>1.6L</span>,<span>4.27万公里</span>,日产 骐达 2016款 1.6L CVT酷动版,8.50,"<span style=""line-height: 0.5;"">
                <img src=""https://image1.guazistatic.com/qn200416174117741be3826f346282d55be18e4bfb0ec2.jpg"" style=""height: 24px;line-height: 24px;"">
            </span>",<span>自动</span>,https://www.guazi.com/lianyungang/8c8469f6a7da64bex.htm#fr_page=list&fr_pos=city&fr_no=11
<span>1.5L</span>,<span>6.46万公里</span>,大众 捷达 2017款 1.5L 自动舒适型,6.50,"<span style=""line-height: 0.5;"">
                <img src=""https://image1.guazistatic.com/qn200416174116cb5714fec07899ef13d38987f6b5270f.jpg"" style=""height: 24px;line-height: 24px;"">
            </span>",<span>自动</span>,https://www.guazi.com/cc/50db360206eae0e6x.htm#fr_page=list&fr_pos=city&fr_no=5
<span>2.0T</span>,<span>6.66万公里</span>,宝马X6 2017款 xDrive28i(进口),50.00,"<span style=""line-height: 0.5;"">
                <img src=""https://image1.guazistatic.com/qn20041617411804a3be7aa17a941f46f2575f44a66e11.jpg"" style=""height: 24px;line-height: 24px;"">
            </span>",<span>自动</span>,https://www.guazi.com/cs/6eb8bfad515f0368x.htm#fr_page=list&fr_pos=city&fr_no=7
<span>1.6L</span>,<span>12.83万公里</span>,日产 骐达 2008款 1.6L 自动时尚型,4.49,"<span style=""line-height: 0.5;"">
                <img src=""https://image1.guazistatic.com/qn200416174106f324f963dc8cf74c6482dd4520df8bcf.jpg"" style=""height: 24px;line-height: 24px;"">
            </span>",<span>自动</span>,https://www.guazi.com/zz/aad828ce083684d2x.htm#fr_page=list&fr_pos=city&fr_no=8
<span>1.5T</span>,<span>0.43万公里</span>,吉利 帝豪GS 2019款 1.5TD DCT动Pro 260T,8.20,"<span style=""line-height: 0.5;"">
                <img src=""https://image1.guazistatic.com/qn200416174120070586fac9e0d060b73a84781fa0ffe5.jpg"" style=""height: 24px;line-height: 24px;"">
            </span>",<span>自动</span>,https://www.guazi.com/hf/138883d3c11bc85cx.htm#fr_page=list&fr_pos=city&fr_no=10
<span>1.6L</span>,<span>5.21万公里</span>,现代 领动 2016款 1.6L 自动智炫·精英型,7.50,"<span style=""line-height: 0.5;"">
                <img src=""https://image1.guazistatic.com/qn200416174115f1282322ba0052e2084dcef6bc3ebcdd.jpg"" style=""height: 24px;line-height: 24px;"">
            </span>",<span>自动</span>,https://www.guazi.com/jinhua/1d37c3512838dbf1x.htm#fr_page=list&fr_pos=city&fr_no=9
<span>1.4T</span>,<span>3.24万公里</span>,大众 高尔夫 2017款 230TSI 自动舒适百万辆纪念版,11.28,"<span style=""line-height: 0.5;"">
                <img src=""https://image1.guazistatic.com/qn200416174117741be3826f346282d55be18e4bfb0ec2.jpg"" style=""height: 24px;line-height: 24px;"">
            </span>",<span>自动</span>,https://www.guazi.com/zjtaizhou/37c12778c5af4d77x.htm#fr_page=list&fr_pos=city&fr_no=4
<span>1.4T</span>,<span>5.78万公里</span>,大众 凌渡 2017款 230TSI DSG风尚版,10.98,"<span style=""line-height: 0.5;"">
                <img src=""https://image1.guazistatic.com/qn2004161741163a5072195cd8af0c0d7a25b4d5c7c9d7.jpg"" style=""height: 24px;line-height: 24px;"">
            </span>",<span>自动</span>,https://www.guazi.com/jinhua/46dc5ce941b4abd8x.htm#fr_page=list&fr_pos=city&fr_no=2
<span>2.0T</span>,<span>5.05万公里</span>,大众 迈腾 2016款 2.0TSI 智享豪华型,13.98,"<span style=""line-height: 0.5;"">
                <img src=""https://image1.guazistatic.com/qn2004161741153add376c9a3842db6c423b71a4ef7a9a.jpg"" style=""height: 24px;line-height: 24px;"">
            </span>",<span>自动</span>,https://www.guazi.com/hrb/70e006a74c8edb8bx.htm#fr_page=list&fr_pos=city&fr_no=6
<span>2.0L</span>,<span>6.01万公里</span>,本田 雅阁 2016款 2.0L 精英版,15.50,"<span style=""line-height: 0.5;"">
                <img src=""https://image1.guazistatic.com/qn200416174116cb5714fec07899ef13d38987f6b5270f.jpg"" style=""height: 24px;line-height: 24px;"">
            </span>",<span>自动</span>,https://www.guazi.com/dl/70d8a5083fe1cff3x.htm#fr_page=list&fr_pos=city&fr_no=3
<span>2.0T</span>,<span>3.22万公里</span>,宝马5系 2019款 530Li 领先型 豪华套装,42.50,"<span style=""line-height: 0.5;"">
                <img src=""https://image1.guazistatic.com/qn200416174119c8a18f24f737435c17c81ac183000629.jpg"" style=""height: 24px;line-height: 24px;"">
            </span>",<span>自动</span>,https://www.guazi.com/xuzhou/2754b6f55a3423e2x.htm#fr_page=list&fr_pos=city&fr_no=1
<span>2.0T</span>,<span>9.6万公里</span>,奥迪A5 2014款 Sportback 45 TFSI(进口),23.80,"<span style=""line-height: 0.5;"">
                <img src=""https://image1.guazistatic.com/qn2004161741135197a0569d04736c74ca100596792b86.jpg"" style=""height: 24px;line-height: 24px;"">
            </span>",<span>自动</span>,https://www.guazi.com/sz/18efe642c679f14cx.htm#fr_page=list&fr_pos=city&fr_no=36
<span>1.2T</span>,<span>2.3万公里</span>,丰田 雷凌 2019款 185T CVT豪华版 国VI,11.10,"<span style=""line-height: 0.5;"">
                <img src=""https://image1.guazistatic.com/qn2004161741216913c7ab9b30370ca00202fee4dc82a7.jpg"" style=""height: 24px;line-height: 24px;"">
            </span>",<span>自动</span>,https://www.guazi.com/tangshan/802b0a59dccd7d29x.htm#fr_page=list&fr_pos=city&fr_no=0
<span>1.5T</span>,<span>1.89万公里</span>,奔驰C级 2019款 C 260 L,29.50,"<span style=""line-height: 0.5;"">
                <img src=""https://image1.guazistatic.com/qn2004161741216913c7ab9b30370ca00202fee4dc82a7.jpg"" style=""height: 24px;line-height: 24px;"">
            </span>",<span>自动</span>,https://www.guazi.com/nj/c8eb42aa4fd35eccx.htm#fr_page=list&fr_pos=city&fr_no=37
<span>2.0T</span>,<span>4.89万公里</span>,奔驰GLC级 2017款 GLC 260 4MATIC 动感型,31.80,"<span style=""line-height: 0.5;"">
                <img src=""https://image1.guazistatic.com/qn2004161741175a0766868ff33e69fb29048186f19211.jpg"" style=""height: 24px;line-height: 24px;"">
            </span>",<span>自动</span>,https://www.guazi.com/ty/b99e5e4e14b52786x.htm#fr_page=list&fr_pos=city&fr_no=35
<span>2.0T</span>,<span>0.3万公里</span>,大众 途昂 2020款 改款 330TSI 两驱豪华版 国VI,28.00,"<span style=""line-height: 0.5;"">
                <img src=""https://image1.guazistatic.com/qn2004161741223b68a2273917f218464f526cb9466a5b.jpg"" style=""height: 24px;line-height: 24px;"">
            </span>",<span>自动</span>,https://www.guazi.com/tj/c8db2f554a496a1bx.htm#fr_page=list&fr_pos=city&fr_no=31
<span>2.0T</span>,<span>4.78万公里</span>,捷豹XFL 2017款 XFL 2.0T 240PS 豪华版,25.30,"<span style=""line-height: 0.5;"">
                <img src=""https://image1.guazistatic.com/qn2004161741168b8a2cd4c3ef1f72b5644771744916fb.jpg"" style=""height: 24px;line-height: 24px;"">
            </span>",<span>自动</span>,https://www.guazi.com/sz/ad14369896e81473x.htm#fr_page=list&fr_pos=city&fr_no=38
<span>3.5L</span>,<span>1.33万公里</span>,丰田 普拉多 2018款 3.5L 自动TX-L NAVI后挂备胎,59.50,"<span style=""line-height: 0.5;"">
                <img src=""https://image1.guazistatic.com/qn2004161741216913c7ab9b30370ca00202fee4dc82a7.jpg"" style=""height: 24px;line-height: 24px;"">
            </span>",<span>自动</span>,https://www.guazi.com/zz/c0214bc24e7cf5f8x.htm#fr_page=list&fr_pos=city&fr_no=28
<span>1.5T</span>,<span>1.44万公里</span>,宝马X1 2019款 sDrive18Li 尊享型,21.90,"<span style=""line-height: 0.5;"">
                <img src=""https://image1.guazistatic.com/qn200416174119cdaa3fa8479f27f281c67f09dde38ec0.jpg"" style=""height: 24px;line-height: 24px;"">
            </span>",<span>自动</span>,https://www.guazi.com/zz/578309c3569876dax.htm#fr_page=list&fr_pos=city&fr_no=26
<span>1.6T</span>,<span>4.19万公里</span>,奔驰C级 2018款 C 180 L 时尚型运动版,25.18,"<span style=""line-height: 0.5;"">
                <img src=""https://image1.guazistatic.com/qn200416174118a1abff912088feb85f072f9de824f7e4.jpg"" style=""height: 24px;line-height: 24px;"">
            </span>",<span>自动</span>,https://www.guazi.com/foshan/cd0685a4a6bda637x.htm#fr_page=list&fr_pos=city&fr_no=32
<span>1.8T</span>,<span>4.54万公里</span>,奥迪A6L 2018款 30周年年型 TFSI 进取型,30.50,"<span style=""line-height: 0.5;"">
                <img src=""https://image1.guazistatic.com/qn200416174119babcd1425446285724e35a4c637c270c.jpg"" style=""height: 24px;line-height: 24px;"">
            </span>",<span>自动</span>,https://www.guazi.com/su/89fabac39ae0311cx.htm#fr_page=list&fr_pos=city&fr_no=17
<span>1.5T</span>,<span>6.12万公里</span>,本田 思域 2016款 220TURBO CVT豪华版,11.48,"<span style=""line-height: 0.5;"">
                <img src=""https://image1.guazistatic.com/qn2004161741163d3392cd82888f58f4ec4dd4e143000e.jpg"" style=""height: 24px;line-height: 24px;"">
            </span>",<span>自动</span>,https://www.guazi.com/cq/adbb25b6ad796908x.htm#fr_page=list&fr_pos=city&fr_no=16
<span>2.4L</span>,<span>4.69万公里</span>,本田 奥德赛 2015款 改款 2.4L 豪华版,21.88,"<span style=""line-height: 0.5;"">
                <img src=""https://image1.guazistatic.com/qn200416174117741be3826f346282d55be18e4bfb0ec2.jpg"" style=""height: 24px;line-height: 24px;"">
            </span>",<span>自动</span>,https://www.guazi.com/cs/5fa636062e427fbex.htm#fr_page=list&fr_pos=city&fr_no=23
<span>2.0L</span>,<span>5.53万公里</span>,本田 雅阁 2016款 2.0L 舒适版,13.98,"<span style=""line-height: 0.5;"">
                <img src=""https://image1.guazistatic.com/qn2004161741175a0766868ff33e69fb29048186f19211.jpg"" style=""height: 24px;line-height: 24px;"">
            </span>",<span>自动</span>,https://www.guazi.com/dg/baf54c0a494216d5x.htm#fr_page=list&fr_pos=city&fr_no=6
<span>2.0T</span>,<span>5.93万公里</span>,宝马5系 2014款 525Li 领先型,23.23,"<span style=""line-height: 0.5;"">
                <img src=""https://image1.guazistatic.com/qn2004161741116499f6f8e801814dabafe2aa1ffb9bb3.jpg"" style=""height: 24px;line-height: 24px;"">
            </span>",<span>自动</span>,https://www.guazi.com/pingdingshan/213c658f0bb8ea80x.htm#fr_page=list&fr_pos=city&fr_no=7
<span>2.0T</span>,<span>7.52万公里</span>,英菲尼迪Q50L 2016款 2.0T 舒适版,17.80,"<span style=""line-height: 0.5;"">
                <img src=""https://image1.guazistatic.com/qn20041617411670bcbaa2ba491ed0ab21f3375aabd135.jpg"" style=""height: 24px;line-height: 24px;"">
            </span>",<span>自动</span>,https://www.guazi.com/sh/82b3087070b6debbx.htm#fr_page=list&fr_pos=city&fr_no=22
<span>1.6L</span>,<span>3.57万公里</span>,日产 骐达 2016款 1.6L CVT智行版,9.50,"<span style=""line-height: 0.5;"">
                <img src=""https://image1.guazistatic.com/qn200416174117741be3826f346282d55be18e4bfb0ec2.jpg"" style=""height: 24px;line-height: 24px;"">
            </span>",<span>自动</span>,https://www.guazi.com/jining/b4efc4fb4a89d5d0x.htm#fr_page=list&fr_pos=city&fr_no=4
<span>3.2L</span>,<span>8.79万公里</span>,路虎 神行者2 2010款 3.2 i6 自动HSE汽油版(进口),11.18,"<span style=""line-height: 0.5;"">
                <img src=""https://image1.guazistatic.com/qn2004161741066162be7466ed1940b85afbe0c62cccb8.jpg"" style=""height: 24px;line-height: 24px;"">
            </span>",<span>自动</span>,https://www.guazi.com/ty/409dc24e9daecc79x.htm#fr_page=list&fr_pos=city&fr_no=5
<span>1.5T</span>,<span>1.74万公里</span>,福特 福克斯 2020款 三厢 EcoBoost 180 自动ST Line,11.45,"<span style=""line-height: 0.5;"">
                <img src=""https://image1.guazistatic.com/qn20041617412159f86dfbf161b3e8b8021aeb9c7431d5.jpg"" style=""height: 24px;line-height: 24px;"">
            </span>",<span>自动</span>,https://www.guazi.com/cq/a9ac5d71fa0dae9dx.htm#fr_page=list&fr_pos=city&fr_no=11
<span>2.0T</span>,<span>3.66万公里</span>,奥迪A4L 2018款 30周年年型 40 TFSI 时尚型,25.80,"<span style=""line-height: 0.5;"">
                <img src=""https://image1.guazistatic.com/qn2004161741184e048054c1edd8b4ce2425387e063167.jpg"" style=""height: 24px;line-height: 24px;"">
            </span>",<span>自动</span>,https://www.guazi.com/su/7709af2c987201ddx.htm#fr_page=list&fr_pos=city&fr_no=3
<span>2.0L</span>,<span>9.87万公里</span>,本田CR-V 2012款 2.0L 两驱都市版,8.00,"<span style=""line-height: 0.5;"">
                <img src=""https://image1.guazistatic.com/qn20041617411096758c8bc8429b43c68b8465d8d89052.jpg"" style=""height: 24px;line-height: 24px;"">
            </span>",<span>自动</span>,https://www.guazi.com/lianyungang/35000984883ace90x.htm#fr_page=list&fr_pos=city&fr_no=39
<span>2.4L</span>,<span>6.23万公里</span>,本田 奥德赛 2015款 改款 2.4L 豪华版,20.68,"<span style=""line-height: 0.5;"">
                <img src=""https://image1.guazistatic.com/qn200416174115f1282322ba0052e2084dcef6bc3ebcdd.jpg"" style=""height: 24px;line-height: 24px;"">
            </span>",<span>自动</span>,https://www.guazi.com/sz/2f09418c307cac80x.htm#fr_page=list&fr_pos=city&fr_no=1
<span>1.6L</span>,<span>5.65万公里</span>,福特 福克斯 2017款 三厢 1.6L 自动风尚型智行版,6.48,"<span style=""line-height: 0.5;"">
                <img src=""https://image1.guazistatic.com/qn20041617411606ea84bf5da3d4e8cd8e49bcd38f2a34.jpg"" style=""height: 24px;line-height: 24px;"">
            </span>",<span>自动</span>,https://www.guazi.com/nj/e905fe32ab5fb67bx.htm#fr_page=list&fr_pos=city&fr_no=38
<span>1.5T</span>,<span>5.75万公里</span>,福特 福克斯 2015款 三厢 EcoBoost 180 自动精英型,6.80,"<span style=""line-height: 0.5;"">
                <img src=""https://image1.guazistatic.com/qn20041617411404fa11be645a72895f8df3972006feb8.jpg"" style=""height: 24px;line-height: 24px;"">
            </span>",<span>自动</span>,https://www.guazi.com/cd/36eb37271e8fc719x.htm#fr_page=list&fr_pos=city&fr_no=36
<span>2.0L</span>,<span>6.16万公里</span>,奔腾X80 2015款 2.0L 自动豪华型,4.60,"<span style=""line-height: 0.5;"">
                <img src=""https://image1.guazistatic.com/qn20041617411333eaa6cd35ec618eb63d208d43108adb.jpg"" style=""height: 24px;line-height: 24px;"">
            </span>",<span>自动</span>,https://www.guazi.com/gy/e43487a6b4639364x.htm#fr_page=list&fr_pos=city&fr_no=34
<span>1.6L</span>,<span>1.03万公里</span>,起亚 福瑞迪 2019款 1.6L 自动风尚版 国VI,6.88,"<span style=""line-height: 0.5;"">
                <img src=""https://image1.guazistatic.com/qn200416174121dd3c69f582553736f8aa88035d33cfa2.jpg"" style=""height: 24px;line-height: 24px;"">
            </span>",<span>自动</span>,https://www.guazi.com/cq/36745cc512e86bb9x.htm#fr_page=list&fr_pos=city&fr_no=35
<span>1.6L</span>,<span>6.37万公里</span>,长安 逸动 2014款 1.6L 手动豪华型,3.55,"<span style=""line-height: 0.5;"">
                <img src=""https://image1.guazistatic.com/qn200416174112dac9a97051b92d5fd7727379adc7d325.jpg"" style=""height: 24px;line-height: 24px;"">
            </span>",<span>手动</span>,https://www.guazi.com/ty/8dcd344fb26413afx.htm#fr_page=list&fr_pos=city&fr_no=33
<span>1.4T</span>,<span>6.48万公里</span>,雪佛兰 科鲁兹 2016款 1.4T DCG豪华版,6.68,"<span style=""line-height: 0.5;"">
                <img src=""https://image1.guazistatic.com/qn2004161741149f4f0e24a3ea0492f1bd17f63df2867b.jpg"" style=""height: 24px;line-height: 24px;"">
            </span>",<span>自动</span>,https://www.guazi.com/dg/47c54ec0fbd1fc74x.htm#fr_page=list&fr_pos=city&fr_no=37
<span>1.8T</span>,<span>9.24万公里</span>,纳智捷 优6 SUV 2015款 1.8T 时尚型,4.45,"<span style=""line-height: 0.5;"">
                <img src=""https://image1.guazistatic.com/qn20041617411333eaa6cd35ec618eb63d208d43108adb.jpg"" style=""height: 24px;line-height: 24px;"">
            </span>",<span>自动</span>,https://www.guazi.com/ganzhou/733f9a0971c31809x.htm#fr_page=list&fr_pos=city&fr_no=0
<span>1.6L</span>,<span>6.2万公里</span>,长安CS35 2015款 1.6L 自动豪华型 国IV,5.00,"<span style=""line-height: 0.5;"">
                <img src=""https://image1.guazistatic.com/qn200416174113c751e33c6528f7e1cb910e34027fc0fc.jpg"" style=""height: 24px;line-height: 24px;"">
            </span>",<span>自动</span>,https://www.guazi.com/yuncheng/7768096557f863bax.htm#fr_page=list&fr_pos=city&fr_no=31
<span>2.4L</span>,<span>11.16万公里</span>,别克GL8 2013款 2.4L 行政版,8.80,"<span style=""line-height: 0.5;"">
                <img src=""https://image1.guazistatic.com/qn200416174110d0380eaebc6af49ddbd57dc01327e160.jpg"" style=""height: 24px;line-height: 24px;"">
            </span>",<span>自动</span>,https://www.guazi.com/bj/7a585851bd93a170x.htm#fr_page=list&fr_pos=city&fr_no=30
<span>1.6L</span>,<span>7.38万公里</span>,海马 福美来 2014款 M5 1.6L 手动时尚型,3.50,"<span style=""line-height: 0.5;"">
                <img src=""https://image1.guazistatic.com/qn200416174113e0ccff5233a8060375d917220d182323.jpg"" style=""height: 24px;line-height: 24px;"">
            </span>",<span>手动</span>,https://www.guazi.com/jining/f6534388c3b0c179x.htm#fr_page=list&fr_pos=city&fr_no=32
<span>1.5L</span>,<span>1.97万公里</span>,丰田 威驰 2017款 1.5L CVT创行版,6.98,"<span style=""line-height: 0.5;"">
                <img src=""https://image1.guazistatic.com/qn2004161741187e251037827c108df0864929549fe87d.jpg"" style=""height: 24px;line-height: 24px;"">
            </span>",<span>自动</span>,https://www.guazi.com/zhongshan/c3ac5c1d84e607dfx.htm#fr_page=list&fr_pos=city&fr_no=29
<span>1.5L</span>,<span>8.33万公里</span>,一汽 威志 2011款 三厢 1.5L 手动标准型,1.30,"<span style=""line-height: 0.5;"">
                <img src=""https://image1.guazistatic.com/qn2004161741068935468b9d4140af292744c893a35179.jpg"" style=""height: 24px;line-height: 24px;"">
            </span>",<span>手动</span>,https://www.guazi.com/weifang/aa13925598ec4cfax.htm#fr_page=list&fr_pos=city&fr_no=26
<span>1.5L</span>,<span>1.24万公里</span>,福特 福睿斯 2017款 改款 1.5L 自动舒适型,6.68,"<span style=""line-height: 0.5;"">
                <img src=""https://image1.guazistatic.com/qn200416174117741be3826f346282d55be18e4bfb0ec2.jpg"" style=""height: 24px;line-height: 24px;"">
            </span>",<span>自动</span>,https://www.guazi.com/su/a05a604848707e1ax.htm#fr_page=list&fr_pos=city&fr_no=28
<span>1.5L</span>,<span>13.02万公里</span>,长城M4 2012款 1.5L 手动豪华型,1.98,"<span style=""line-height: 0.5;"">
                <img src=""https://image1.guazistatic.com/qn200416174109e0e0997e0d1d3e1aef01456fd3a5835c.jpg"" style=""height: 24px;line-height: 24px;"">
            </span>",<span>手动</span>,https://www.guazi.com/quanzhou/7d2483be89aba558x.htm#fr_page=list&fr_pos=city&fr_no=23
<span>1.5L</span>,<span>3.58万公里</span>,荣威350 2011款 350S 1.5L 手动迅驰版,2.68,"<span style=""line-height: 0.5;"">
                <img src=""https://image1.guazistatic.com/qn200416174108c46443da16f09fbdb5460e27e065e319.jpg"" style=""height: 24px;line-height: 24px;"">
            </span>",<span>手动</span>,https://www.guazi.com/weifang/f3ddd2cc46e27eecx.htm#fr_page=list&fr_pos=city&fr_no=21
<span>1.6L</span>,<span>14.51万公里</span>,雪佛兰 科鲁兹 2013款 1.6L SE MT,3.38,"<span style=""line-height: 0.5;"">
                <img src=""https://image1.guazistatic.com/qn200416174111dd2c186693271f61afcb26a7a88ecf07.jpg"" style=""height: 24px;line-height: 24px;"">
            </span>",<span>手动</span>,https://www.guazi.com/wx/8ae5fad2daf1c1b7x.htm#fr_page=list&fr_pos=city&fr_no=22
<span>1.5L</span>,<span>8.51万公里</span>,福特 嘉年华 2011款 三厢 1.5L 自动豪华型,3.70,"<span style=""line-height: 0.5;"">
                <img src=""https://image1.guazistatic.com/qn200416174108c46443da16f09fbdb5460e27e065e319.jpg"" style=""height: 24px;line-height: 24px;"">
            </span>",<span>自动</span>,https://www.guazi.com/ty/d52d3fce6e037e63x.htm#fr_page=list&fr_pos=city&fr_no=20
<span>2.0L</span>,<span>5.94万公里</span>,大众 朗逸 2015款 1.6L 手动风尚版,5.30,"<span style=""line-height: 0.5;"">
                <img src=""https://image1.guazistatic.com/qn2004161741144fd132ad5b4147282e19470307b8cd56.jpg"" style=""height: 24px;line-height: 24px;"">
            </span>",<span>自动</span>,https://www.guazi.com/lianyungang/e361fc7bc785a450x.htm#fr_page=list&fr_pos=city&fr_no=24
<span>1.8L</span>,<span>9.52万公里</span>,丰田 卡罗拉 2011款 1.8L 手动GL-i,4.60,"<span style=""line-height: 0.5;"">
                <img src=""https://image1.guazistatic.com/qn200416174106d65b583dba07d5f8e20181ddc60dde90.jpg"" style=""height: 24px;line-height: 24px;"">
            </span>",<span>手动</span>,https://www.guazi.com/sy/9a6d3278e35981cex.htm#fr_page=list&fr_pos=city&fr_no=25
<span>1.5L</span>,<span>0.43万公里</span>,别克 英朗 2021款 典范 1.5L 自动精英型,7.88,"<span style=""line-height: 0.5;"">
                <img src=""https://image1.guazistatic.com/qn2004161741223b68a2273917f218464f526cb9466a5b.jpg"" style=""height: 24px;line-height: 24px;"">
            </span>",<span>自动</span>,https://www.guazi.com/cq/1bfc4ccdd2a18f8ax.htm#fr_page=list&fr_pos=city&fr_no=19
<span>1.6L</span>,<span>8.72万公里</span>,现代 悦动 2011款 1.6L 自动豪华型,3.88,"<span style=""line-height: 0.5;"">
                <img src=""https://image1.guazistatic.com/qn2004161741073230c1b3efeacce894f065497ea62449.jpg"" style=""height: 24px;line-height: 24px;"">
            </span>",<span>自动</span>,https://www.guazi.com/jilin/11c43a46dc7f24a4x.htm#fr_page=list&fr_pos=city&fr_no=17
<span>1.3T</span>,<span>3.34万公里</span>,别克 英朗 2018款 18T 自动精英型,7.58,"<span style=""line-height: 0.5;"">
                <img src=""https://image1.guazistatic.com/qn20041617411939d74010d0de5b83c0a94d8230455a66.jpg"" style=""height: 24px;line-height: 24px;"">
            </span>",<span>自动</span>,https://www.guazi.com/jn/23f1dfe127d2d85bx.htm#fr_page=list&fr_pos=city&fr_no=18
<span>1.3T</span>,<span>3.34万公里</span>,别克 英朗 2018款 18T 自动精英型,7.30,"<span style=""line-height: 0.5;"">
                <img src=""https://image1.guazistatic.com/qn200416174118a1abff912088feb85f072f9de824f7e4.jpg"" style=""height: 24px;line-height: 24px;"">
            </span>",<span>自动</span>,https://www.guazi.com/nj/88347778311171a5x.htm#fr_page=list&fr_pos=city&fr_no=14
<span>1.6L</span>,<span>4.26万公里</span>,铃木 天语 SX4 2013款 酷锐 1.6L 自动运动型,5.30,"<span style=""line-height: 0.5;"">
                <img src=""https://image1.guazistatic.com/qn200416174111d51ba6679f7be72270cbc2ce12bcfdf3.jpg"" style=""height: 24px;line-height: 24px;"">
            </span>",<span>自动</span>,https://www.guazi.com/jn/7c284ae10ff99289x.htm#fr_page=list&fr_pos=city&fr_no=16
<span>1.6L</span>,<span>6.14万公里</span>,MINI 2010款 1.6L COOPER Cheer,6.88,"<span style=""line-height: 0.5;"">
                <img src=""https://image1.guazistatic.com/qn200416174104432eb2d216e48136a8ddc35aa9684adc.jpg"" style=""height: 24px;line-height: 24px;"">
            </span>",<span>自动</span>,https://www.guazi.com/cs/3303b46cf8b9aa16x.htm#fr_page=list&fr_pos=city&fr_no=15
<span>1.5L</span>,<span>12.32万公里</span>,比亚迪L3 2015款 节能版 1.5L 自动尊贵型,3.30,"<span style=""line-height: 0.5;"">
                <img src=""https://image1.guazistatic.com/qn20041617411404fa11be645a72895f8df3972006feb8.jpg"" style=""height: 24px;line-height: 24px;"">
            </span>",<span>自动</span>,https://www.guazi.com/fz/924705a29bbeb1b3x.htm#fr_page=list&fr_pos=city&fr_no=12
<span>1.6L</span>,<span>6.07万公里</span>,日产 骊威 2010款 劲锐版 1.6L 手动标准型,3.20,"<span style=""line-height: 0.5;"">
                <img src=""https://image1.guazistatic.com/qn200416174105acea0e8667b788ab2e602d7ca2c54a59.jpg"" style=""height: 24px;line-height: 24px;"">
            </span>",<span>手动</span>,https://www.guazi.com/sy/97da68247b8361f3x.htm#fr_page=list&fr_pos=city&fr_no=13
<span>2.0L</span>,<span>11.37万公里</span>,日产 逍客 2010款 20X雷 CVT 2WD,6.50,"<span style=""line-height: 0.5;"">
                <img src=""https://image1.guazistatic.com/qn20041617410503916d895a5536990416507042b2ced4.jpg"" style=""height: 24px;line-height: 24px;"">
            </span>",<span>自动</span>,https://www.guazi.com/jilin/73ec38a1cefed0d7x.htm#fr_page=list&fr_pos=city&fr_no=10
<span>1.8L</span>,<span>11.43万公里</span>,雪佛兰 科鲁兹 2013款 1.8L SE AT,4.68,"<span style=""line-height: 0.5;"">
                <img src=""https://image1.guazistatic.com/qn200416174111263b634be0de744f6b79b5f2c39922d8.jpg"" style=""height: 24px;line-height: 24px;"">
            </span>",<span>自动</span>,https://www.guazi.com/zz/d077575a1df41cd9x.htm#fr_page=list&fr_pos=city&fr_no=11
<span>2.0L</span>,<span>8.87万公里</span>,日产 逍客 2012款 2.0XL 火 CVT 2WD,6.60,"<span style=""line-height: 0.5;"">
                <img src=""https://image1.guazistatic.com/qn200416174110ad4f1825586f7e5953af4d6051950024.jpg"" style=""height: 24px;line-height: 24px;"">
            </span>",<span>自动</span>,https://www.guazi.com/nmg/eef605fd77a94994x.htm#fr_page=list&fr_pos=city&fr_no=9
<span>1.5L</span>,<span>6.79万公里</span>,荣威350 2013款 350S 1.5L 自动迅达版,3.28,"<span style=""line-height: 0.5;"">
                <img src=""https://image1.guazistatic.com/qn20041617411175e23982a320e9edd959d2dfbf0bfdc2.jpg"" style=""height: 24px;line-height: 24px;"">
            </span>",<span>自动</span>,https://www.guazi.com/zhongshan/2f111ccad0b7ad3ex.htm#fr_page=list&fr_pos=city&fr_no=8
<span>1.8L</span>,<span>11.51万公里</span>,福特 福克斯 2013款 两厢经典 1.8L 自动基本型,3.98,"<span style=""line-height: 0.5;"">
                <img src=""https://image1.guazistatic.com/qn20041617411040e25da673d2ed36068e76d1ddc42c1f.jpg"" style=""height: 24px;line-height: 24px;"">
            </span>",<span>自动</span>,https://www.guazi.com/yangzhou/1e0e2ccf53d61aaax.htm#fr_page=list&fr_pos=city&fr_no=7
<span>2.0L</span>,<span>10.29万公里</span>,日产 逍客 2012款 2.0XL 火 CVT 2WD,6.00,"<span style=""line-height: 0.5;"">
                <img src=""https://image1.guazistatic.com/qn200416174111bd484ca6a6761e9b093e80b36c025eea.jpg"" style=""height: 24px;line-height: 24px;"">
            </span>",<span>自动</span>,https://www.guazi.com/hz/aacabe2f462b5c9cx.htm#fr_page=list&fr_pos=city&fr_no=6
<span>2.5L</span>,<span>13.19万公里</span>,日产 天籁 2008款 2.5L XL领先版,7.19,"<span style=""line-height: 0.5;"">
                <img src=""https://image1.guazistatic.com/qn2004161741058b85dcaf2400cc3db3ccfe6b78bdabc4.jpg"" style=""height: 24px;line-height: 24px;"">
            </span>",<span>自动</span>,https://www.guazi.com/gz/03748072978cbea2x.htm#fr_page=list&fr_pos=city&fr_no=3
<span>1.6L</span>,<span>13.34万公里</span>,别克 凯越 2011款 1.6LE-MT,2.36,"<span style=""line-height: 0.5;"">
                <img src=""https://image1.guazistatic.com/qn20041617410741c3d6f5b18a78457f4900863ea6f8e8.jpg"" style=""height: 24px;line-height: 24px;"">
            </span>",<span>手动</span>,https://www.guazi.com/wx/89e9f85f7a7337dcx.htm#fr_page=list&fr_pos=city&fr_no=5
<span>1.6L</span>,<span>3.4万公里</span>,现代 朗动 2016款 1.6L 自动智能型,7.40,"<span style=""line-height: 0.5;"">
                <img src=""https://image1.guazistatic.com/qn200416174117a1371fd11f290aa4c7a7c4f7cb6432ef.jpg"" style=""height: 24px;line-height: 24px;"">
            </span>",<span>自动</span>,https://www.guazi.com/lianyungang/589d49ac1dea8fd4x.htm#fr_page=list&fr_pos=city&fr_no=37
<span>1.6L</span>,<span>10.54万公里</span>,雪佛兰 爱唯欧 2011款 两厢 1.6L AT SX,3.20,"<span style=""line-height: 0.5;"">
                <img src=""https://image1.guazistatic.com/qn200416174110f7bacec292ac6b9f867957cbcf4079eb.jpg"" style=""height: 24px;line-height: 24px;"">
            </span>",<span>自动</span>,https://www.guazi.com/zz/55ad3a529eb53a72x.htm#fr_page=list&fr_pos=city&fr_no=4
<span>1.5L</span>,<span>9.63万公里</span>,别克 英朗 2016款 15N 自动豪华型,6.48,"<span style=""line-height: 0.5;"">
                <img src=""https://image1.guazistatic.com/qn20041617411606ea84bf5da3d4e8cd8e49bcd38f2a34.jpg"" style=""height: 24px;line-height: 24px;"">
            </span>",<span>自动</span>,https://www.guazi.com/gz/003940d09e34feb2x.htm#fr_page=list&fr_pos=city&fr_no=2
<span>2.0L</span>,<span>11.5万公里</span>,日产 天籁 2011款 2.0L XL舒适版,6.48,"<span style=""line-height: 0.5;"">
                <img src=""https://image1.guazistatic.com/qn2004161741073418024424032e634efd29c26b16e4e6.jpg"" style=""height: 24px;line-height: 24px;"">
            </span>",<span>自动</span>,https://www.guazi.com/nj/b14478ee5e52208fx.htm#fr_page=list&fr_pos=city&fr_no=1
<span>2.0T</span>,<span>3.93万公里</span>,奥迪A4L 2019款 40 TFSI 进取型 国VI,25.20,"<span style=""line-height: 0.5;"">
                <img src=""https://image1.guazistatic.com/qn2004161741216913c7ab9b30370ca00202fee4dc82a7.jpg"" style=""height: 24px;line-height: 24px;"">
            </span>",<span>自动</span>,https://www.guazi.com/nj/d6c1b0c53847f1a9x.htm#fr_page=list&fr_pos=city&fr_no=36
<span>2.0L</span>,<span>8.58万公里</span>,雷克萨斯ES 2015款 200 精英版,25.80,"<span style=""line-height: 0.5;"">
                <img src=""https://image1.guazistatic.com/qn2004161741168b8a2cd4c3ef1f72b5644771744916fb.jpg"" style=""height: 24px;line-height: 24px;"">
            </span>",<span>自动</span>,https://www.guazi.com/nj/021770ec46ad1c9ex.htm#fr_page=list&fr_pos=city&fr_no=35
<span>1.6L</span>,<span>9.66万公里</span>,大众 朗行 2013款 1.6L 自动风尚型,6.35,"<span style=""line-height: 0.5;"">
                <img src=""https://image1.guazistatic.com/qn200416174111266b541baff0af4b757c61b8254acf3b.jpg"" style=""height: 24px;line-height: 24px;"">
            </span>",<span>自动</span>,https://www.guazi.com/dl/0b82df484e1b3aa9x.htm#fr_page=list&fr_pos=city&fr_no=34
<span>1.4T</span>,<span>5.67万公里</span>,大众 朗逸 2017款 230TSI DSG舒适版,9.50,"<span style=""line-height: 0.5;"">
                <img src=""https://image1.guazistatic.com/qn200416174117a1371fd11f290aa4c7a7c4f7cb6432ef.jpg"" style=""height: 24px;line-height: 24px;"">
            </span>",<span>自动</span>,https://www.guazi.com/suqian/c81d7fdbbb733f7bx.htm#fr_page=list&fr_pos=city&fr_no=30
<span>1.8L</span>,<span>7.82万公里</span>,标致408 2014款 1.8L 手动领先版,6.20,"<span style=""line-height: 0.5;"">
                <img src=""https://image1.guazistatic.com/qn2004161741149f4f0e24a3ea0492f1bd17f63df2867b.jpg"" style=""height: 24px;line-height: 24px;"">
            </span>",<span>手动</span>,https://www.guazi.com/nantong/03de3f1324da0551x.htm#fr_page=list&fr_pos=city&fr_no=33
<span>1.6T</span>,<span>2.29万公里</span>,奔驰GLA级 2018款 GLA 200 动感型,19.98,"<span style=""line-height: 0.5;"">
                <img src=""https://image1.guazistatic.com/qn200416174118d812c29343aadb238abb72e985d9b93c.jpg"" style=""height: 24px;line-height: 24px;"">
            </span>",<span>自动</span>,https://www.guazi.com/nj/ce52768201c64f21x.htm#fr_page=list&fr_pos=city&fr_no=32
<span>1.6L</span>,<span>2.73万公里</span>,日产 轩逸 2018款 1.6XE CVT舒适版,8.58,"<span style=""line-height: 0.5;"">
                <img src=""https://image1.guazistatic.com/qn200416174118a1abff912088feb85f072f9de824f7e4.jpg"" style=""height: 24px;line-height: 24px;"">
            </span>",<span>自动</span>,https://www.guazi.com/cq/b76a7b9634bd3282x.htm#fr_page=list&fr_pos=city&fr_no=31
<span>1.4T</span>,<span>3.34万公里</span>,大众 宝来 2019款 280TSI DSG精英型,10.88,"<span style=""line-height: 0.5;"">
                <img src=""https://image1.guazistatic.com/qn20041617411939d74010d0de5b83c0a94d8230455a66.jpg"" style=""height: 24px;line-height: 24px;"">
            </span>",<span>自动</span>,https://www.guazi.com/hz/c6395637aa1a9613x.htm#fr_page=list&fr_pos=city&fr_no=28
<span>1.8L</span>,<span>8.41万公里</span>,日产 骊威 2010款 劲逸版 1.8L 自动标准型,4.88,"<span style=""line-height: 0.5;"">
                <img src=""https://image1.guazistatic.com/qn2004161741097906a9ea37f989abb0ac39195eac106a.jpg"" style=""height: 24px;line-height: 24px;"">
            </span>",<span>自动</span>,https://www.guazi.com/zhongshan/76857472117852fex.htm#fr_page=list&fr_pos=city&fr_no=27
<span>1.5T</span>,<span>7.1万公里</span>,荣威RX5 2018款 20T 两驱手动旗舰版,7.20,"<span style=""line-height: 0.5;"">
                <img src=""https://image1.guazistatic.com/qn200416174118a1abff912088feb85f072f9de824f7e4.jpg"" style=""height: 24px;line-height: 24px;"">
            </span>",<span>手动</span>,https://www.guazi.com/zz/f4496c53be7ae4a1x.htm#fr_page=list&fr_pos=city&fr_no=26
<span>4.8L</span>,<span>5.95万公里</span>,保时捷Cayenne 2012款 Cayenne GTS 4.8L,62.90,"<span style=""line-height: 0.5;"">
                <img src=""https://image1.guazistatic.com/qn200416174112dac9a97051b92d5fd7727379adc7d325.jpg"" style=""height: 24px;line-height: 24px;"">
            </span>",<span>自动</span>,https://www.guazi.com/langfang/400d4d566834ec40x.htm#fr_page=list&fr_pos=city&fr_no=29
<span>2.0T</span>,<span>4.15万公里</span>,别克GL8 2017款 ES 28T 豪华型 国V,30.99,"<span style=""line-height: 0.5;"">
                <img src=""https://image1.guazistatic.com/qn200416174118a1abff912088feb85f072f9de824f7e4.jpg"" style=""height: 24px;line-height: 24px;"">
            </span>",<span>自动</span>,https://www.guazi.com/zz/42364de0cb67c837x.htm#fr_page=list&fr_pos=city&fr_no=25
<span>1.6L</span>,<span>7.99万公里</span>,丰田 雷凌 2015款 1.6E CVT新锐版,7.60,"<span style=""line-height: 0.5;"">
                <img src=""https://image1.guazistatic.com/qn200416174113e60abe87c078a72dd53d67542d3380c9.jpg"" style=""height: 24px;line-height: 24px;"">
            </span>",<span>自动</span>,https://www.guazi.com/huizhou/ff4016c6904df911x.htm#fr_page=list&fr_pos=city&fr_no=21
<span>2.4L</span>,<span>11.03万公里</span>,本田 艾力绅 2015款 2.4L VTi-S尊贵版,18.80,"<span style=""line-height: 0.5;"">
                <img src=""https://image1.guazistatic.com/qn200416174114db04396100ba943fcb85565ff1b224a5.jpg"" style=""height: 24px;line-height: 24px;"">
            </span>",<span>自动</span>,https://www.guazi.com/sz/32bcf2c01a925883x.htm#fr_page=list&fr_pos=city&fr_no=24
<span>2.4L</span>,<span>3.94万公里</span>,比亚迪S6 2014款 2.4L 自动尊贵型 5座,4.28,"<span style=""line-height: 0.5;"">
                <img src=""https://image1.guazistatic.com/qn2004161741121cf471b64e6fc2b85cd73d983259a8ee.jpg"" style=""height: 24px;line-height: 24px;"">
            </span>",<span>自动</span>,https://www.guazi.com/zjtaizhou/a7944372c0ffc0bdx.htm#fr_page=list&fr_pos=city&fr_no=23
<span>1.6L</span>,<span>9.67万公里</span>,标致308 2013款 1.6L 自动风尚型,4.78,"<span style=""line-height: 0.5;"">
                <img src=""https://image1.guazistatic.com/qn2004161741116499f6f8e801814dabafe2aa1ffb9bb3.jpg"" style=""height: 24px;line-height: 24px;"">
            </span>",<span>自动</span>,https://www.guazi.com/nn/fdfe351f55bd5e78x.htm#fr_page=list&fr_pos=city&fr_no=20
<span>1.5T</span>,<span>7.92万公里</span>,哈弗H6 2018款 红标 运动版 1.5T 自动两驱精英型,8.18,"<span style=""line-height: 0.5;"">
                <img src=""https://image1.guazistatic.com/qn200416174118a1abff912088feb85f072f9de824f7e4.jpg"" style=""height: 24px;line-height: 24px;"">
            </span>",<span>自动</span>,https://www.guazi.com/fz/1494407d80bc991fx.htm#fr_page=list&fr_pos=city&fr_no=22
<span>1.5T</span>,<span>2.91万公里</span>,本田 雅阁 2018款 230TURBO 舒适版 国V,16.38,"<span style=""line-height: 0.5;"">
                <img src=""https://image1.guazistatic.com/qn200416174119bf590f9b9b7e40713bca2ec1fbedf66f.jpg"" style=""height: 24px;line-height: 24px;"">
            </span>",<span>自动</span>,https://www.guazi.com/wh/182cd6985cf27773x.htm#fr_page=list&fr_pos=city&fr_no=19
<span>2.0T</span>,<span>6.24万公里</span>,大众 途昂 2017款 380TSI 四驱豪华版,28.30,"<span style=""line-height: 0.5;"">
                <img src=""https://image1.guazistatic.com/qn200416174119babcd1425446285724e35a4c637c270c.jpg"" style=""height: 24px;line-height: 24px;"">
            </span>",<span>自动</span>,https://www.guazi.com/sz/a9cd45d0635e2a42x.htm#fr_page=list&fr_pos=city&fr_no=17
<span>1.5L</span>,<span>7.83万公里</span>,本田 飞度 2014款 1.5L LX CVT舒适型,6.00,"<span style=""line-height: 0.5;"">
                <img src=""https://image1.guazistatic.com/qn20041617411333eaa6cd35ec618eb63d208d43108adb.jpg"" style=""height: 24px;line-height: 24px;"">
            </span>",<span>自动</span>,https://www.guazi.com/cc/1c59931f33e8f27ax.htm#fr_page=list&fr_pos=city&fr_no=16
<span>1.4T</span>,<span>0.89万公里</span>,大众 T-ROC探歌 2019款 280TSI DSG四驱豪华型 国V,15.98,"<span style=""line-height: 0.5;"">
                <img src=""https://image1.guazistatic.com/qn200416174121523cb656c29c3a88033d1ac858675d40.jpg"" style=""height: 24px;line-height: 24px;"">
            </span>",<span>自动</span>,https://www.guazi.com/jilin/07d16cc7fa68904ex.htm#fr_page=list&fr_pos=city&fr_no=18
<span>2.0T</span>,<span>4.53万公里</span>,WEY VV6 2018款 2.0T 两驱超豪型 国V,12.68,"<span style=""line-height: 0.5;"">
                <img src=""https://image1.guazistatic.com/qn200416174119bf590f9b9b7e40713bca2ec1fbedf66f.jpg"" style=""height: 24px;line-height: 24px;"">
            </span>",<span>自动</span>,https://www.guazi.com/foshan/848d24d788e9fda2x.htm#fr_page=list&fr_pos=city&fr_no=14
<span>2.0T</span>,<span>11.6万公里</span>,宝马5系 2017款 525Li 领先型,25.68,"<span style=""line-height: 0.5;"">
                <img src=""https://image1.guazistatic.com/qn200416174115f1282322ba0052e2084dcef6bc3ebcdd.jpg"" style=""height: 24px;line-height: 24px;"">
            </span>",<span>自动</span>,https://www.guazi.com/zz/5640f6b7df28e543x.htm#fr_page=list&fr_pos=city&fr_no=13
<span>1.4L</span>,<span>7.45万公里</span>,斯柯达 晶锐 2012款 1.4L 自动晶致版,3.95,"<span style=""line-height: 0.5;"">
                <img src=""https://image1.guazistatic.com/qn200416174109c3b0940128a2dbb03e5bda32dd5dac4a.jpg"" style=""height: 24px;line-height: 24px;"">
            </span>",<span>自动</span>,https://www.guazi.com/nj/2ee6433283388c37x.htm#fr_page=list&fr_pos=city&fr_no=15
<span>2.5L</span>,<span>10.91万公里</span>,别克GL8 2017款 25S 舒适型 国V,18.50,"<span style=""line-height: 0.5;"">
                <img src=""https://image1.guazistatic.com/qn2004161741175a0766868ff33e69fb29048186f19211.jpg"" style=""height: 24px;line-height: 24px;"">
            </span>",<span>自动</span>,https://www.guazi.com/jn/2503345d8dc28eb4x.htm#fr_page=list&fr_pos=city&fr_no=11
<span>2.0T</span>,<span>11.99万公里</span>,沃尔沃XC60 2016款 T5  智远版,18.50,"<span style=""line-height: 0.5;"">
                <img src=""https://image1.guazistatic.com/qn2004161741149f4f0e24a3ea0492f1bd17f63df2867b.jpg"" style=""height: 24px;line-height: 24px;"">
            </span>",<span>自动</span>,https://www.guazi.com/bj/561b0d62dbe38966x.htm#fr_page=list&fr_pos=city&fr_no=12
<span>1.6L</span>,<span>2.42万公里</span>,大众 桑塔纳 2016款 1.6L 自动风尚版,6.78,"<span style=""line-height: 0.5;"">
                <img src=""https://image1.guazistatic.com/qn2004161741186081dbc36e484b2f0c77a4fe1e9bf1b4.jpg"" style=""height: 24px;line-height: 24px;"">
            </span>",<span>自动</span>,https://www.guazi.com/luoyang/ed83e6b808d74a2ex.htm#fr_page=list&fr_pos=city&fr_no=10
<span>2.0T</span>,<span>1.62万公里</span>,奥迪Q5L 2018款 40 TFSI 荣享时尚型 国V,34.88,"<span style=""line-height: 0.5;"">
                <img src=""https://image1.guazistatic.com/qn200416174121dd3c69f582553736f8aa88035d33cfa2.jpg"" style=""height: 24px;line-height: 24px;"">
            </span>",<span>自动</span>,https://www.guazi.com/cs/cc5bd5c554516dbax.htm#fr_page=list&fr_pos=city&fr_no=9
<span>2.5L</span>,<span>15.34万公里</span>,英菲尼迪QX50 2013款 2.5L 两驱尊雅版(进口),15.98,"<span style=""line-height: 0.5;"">
                <img src=""https://image1.guazistatic.com/qn200416174111263b634be0de744f6b79b5f2c39922d8.jpg"" style=""height: 24px;line-height: 24px;"">
            </span>",<span>自动</span>,https://www.guazi.com/su/eeefcd7d7fbbc489x.htm#fr_page=list&fr_pos=city&fr_no=7
<span>1.8L</span>,<span>1.24万公里</span>,吉利 帝豪GS 2018款 优雅版 1.8L 手动领尚型,5.68,"<span style=""line-height: 0.5;"">
                <img src=""https://image1.guazistatic.com/qn200416174119cdaa3fa8479f27f281c67f09dde38ec0.jpg"" style=""height: 24px;line-height: 24px;"">
            </span>",<span>手动</span>,https://www.guazi.com/hf/9e7f095009f195bax.htm#fr_page=list&fr_pos=city&fr_no=8
<span>2.0L</span>,<span>9.33万公里</span>,现代ix35 2015款 2.0L 自动两驱智能型 国V,8.65,"<span style=""line-height: 0.5;"">
                <img src=""https://image1.guazistatic.com/qn20041617411539fc2eee31472b2fac272e92d9dfab1b.jpg"" style=""height: 24px;line-height: 24px;"">
            </span>",<span>自动</span>,https://www.guazi.com/nmg/719885551cac62b2x.htm#fr_page=list&fr_pos=city&fr_no=6
<span>1.8L</span>,<span>14.51万公里</span>,三菱 翼神 2010款 时尚版 1.8L CVT舒适型,3.68,"<span style=""line-height: 0.5;"">
                <img src=""https://image1.guazistatic.com/qn200416174105a79250a9c996735bdf3a275ae3596308.jpg"" style=""height: 24px;line-height: 24px;"">
            </span>",<span>自动</span>,https://www.guazi.com/zjtaizhou/34a34ba2bc8feae5x.htm#fr_page=list&fr_pos=city&fr_no=4
<span>1.6L</span>,<span>8.14万公里</span>,大众 高尔夫 2015款 1.6L 自动舒适型,8.30,"<span style=""line-height: 0.5;"">
                <img src=""https://image1.guazistatic.com/qn200416174113cdfdbec0c750c15fe0954d3f0b0d431a.jpg"" style=""height: 24px;line-height: 24px;"">
            </span>",<span>自动</span>,https://www.guazi.com/wx/6a44afd64f5ba4a6x.htm#fr_page=list&fr_pos=city&fr_no=2
<span>2.0T</span>,<span>6.92万公里</span>,大众CC 2016款 2.0TSI 至尊型,17.62,"<span style=""line-height: 0.5;"">
                <img src=""https://image1.guazistatic.com/qn2004161741163a5072195cd8af0c0d7a25b4d5c7c9d7.jpg"" style=""height: 24px;line-height: 24px;"">
            </span>",<span>自动</span>,https://www.guazi.com/hrb/017c75518802c128x.htm#fr_page=list&fr_pos=city&fr_no=5
<span>3.5L</span>,<span>2.67万公里</span>,丰田 埃尔法 2018款 改款 3.5L 豪华版(进口),99.00,"<span style=""line-height: 0.5;"">
                <img src=""https://image1.guazistatic.com/qn200416174119bf590f9b9b7e40713bca2ec1fbedf66f.jpg"" style=""height: 24px;line-height: 24px;"">
            </span>",<span>自动</span>,https://www.guazi.com/zz/26efd43e1ff02bccx.htm#fr_page=list&fr_pos=city&fr_no=1
<span>2.0T</span>,<span>0.8万公里</span>,别克 君越 2019款 28T 尊贵型,19.78,"<span style=""line-height: 0.5;"">
                <img src=""https://image1.guazistatic.com/qn200416174121523cb656c29c3a88033d1ac858675d40.jpg"" style=""height: 24px;line-height: 24px;"">
            </span>",<span>自动</span>,https://www.guazi.com/zz/88e214038c6afbf2x.htm#fr_page=list&fr_pos=city&fr_no=3
<span>1.6L</span>,<span>13.88万公里</span>,长安CS35 2014款 1.6L 自动豪华型 国IV,3.60,"<span style=""line-height: 0.5;"">
                <img src=""https://image1.guazistatic.com/qn200416174112d9dccecf9541d38262705b770d1dde6d.jpg"" style=""height: 24px;line-height: 24px;"">
            </span>",<span>自动</span>,https://www.guazi.com/cq/24a39f8c3af60e81x.htm#fr_page=list&fr_pos=city&fr_no=0
<span>1.6L</span>,<span>9.42万公里</span>,起亚K3 2016款 1.6L 自动天窗版,7.10,"<span style=""line-height: 0.5;"">
                <img src=""https://image1.guazistatic.com/qn20041617411670bcbaa2ba491ed0ab21f3375aabd135.jpg"" style=""height: 24px;line-height: 24px;"">
            </span>",<span>自动</span>,https://www.guazi.com/fz/9225f8922846d0c9x.htm#fr_page=list&fr_pos=city&fr_no=26
<span>1.5L</span>,<span>2.96万公里</span>,本田 竞瑞 2017款 1.5L CVT舒适版,8.70,"<span style=""line-height: 0.5;"">
                <img src=""https://image1.guazistatic.com/qn200416174119bf590f9b9b7e40713bca2ec1fbedf66f.jpg"" style=""height: 24px;line-height: 24px;"">
            </span>",<span>自动</span>,https://www.guazi.com/quanzhou/d37952b0a3a4ae17x.htm#fr_page=list&fr_pos=city&fr_no=25
<span>1.6L</span>,<span>3.37万公里</span>,雪铁龙 C4世嘉 2016款 1.6L 手动舒适型,4.70,"<span style=""line-height: 0.5;"">
                <img src=""https://image1.guazistatic.com/qn200416174115f1282322ba0052e2084dcef6bc3ebcdd.jpg"" style=""height: 24px;line-height: 24px;"">
            </span>",<span>手动</span>,https://www.guazi.com/dl/e5582b04d54b429fx.htm#fr_page=list&fr_pos=city&fr_no=24
<span>1.6L</span>,<span>2.51万公里</span>,大众 朗逸 2013款 改款经典 1.6L 自动风尚版,7.68,"<span style=""line-height: 0.5;"">
                <img src=""https://image1.guazistatic.com/qn200416174117741be3826f346282d55be18e4bfb0ec2.jpg"" style=""height: 24px;line-height: 24px;"">
            </span>",<span>自动</span>,https://www.guazi.com/zhongshan/af5d1cf00944ba9bx.htm#fr_page=list&fr_pos=city&fr_no=23
<span>2.7L</span>,<span>17.07万公里</span>,丰田 汉兰达 2012款 2.7L 两驱7座至尊版,16.00,"<span style=""line-height: 0.5;"">
                <img src=""https://image1.guazistatic.com/qn200416174109e0e0997e0d1d3e1aef01456fd3a5835c.jpg"" style=""height: 24px;line-height: 24px;"">
            </span>",<span>自动</span>,https://www.guazi.com/hrb/84c9620019af29b1x.htm#fr_page=list&fr_pos=city&fr_no=22
<span>1.5T</span>,<span>1.57万公里</span>,上汽大通G50 2019款 1.5T 自动豪华版 国V,10.00,"<span style=""line-height: 0.5;"">
                <img src=""https://image1.guazistatic.com/qn200416174119cdaa3fa8479f27f281c67f09dde38ec0.jpg"" style=""height: 24px;line-height: 24px;"">
            </span>",<span>自动</span>,https://www.guazi.com/bj/2e132cf0e1981a49x.htm#fr_page=list&fr_pos=city&fr_no=27
<span>1.6L</span>,<span>1.32万公里</span>,大众 宝来 2016款 1.6L 手动舒适型,6.72,"<span style=""line-height: 0.5;"">
                <img src=""https://image1.guazistatic.com/qn200416174116cb5714fec07899ef13d38987f6b5270f.jpg"" style=""height: 24px;line-height: 24px;"">
            </span>",<span>手动</span>,https://www.guazi.com/xinxiang/7258cac46c59ca89x.htm#fr_page=list&fr_pos=city&fr_no=19
<span>1.5L</span>,<span>4.22万公里</span>,马自达 昂克赛拉 2017款 三厢 1.5L 自动舒适型 国V,7.99,"<span style=""line-height: 0.5;"">
                <img src=""https://image1.guazistatic.com/qn2004161741175a0766868ff33e69fb29048186f19211.jpg"" style=""height: 24px;line-height: 24px;"">
            </span>",<span>自动</span>,https://www.guazi.com/zz/ace25fe03f91d83bx.htm#fr_page=list&fr_pos=city&fr_no=21
<span>2.7L</span>,<span>11.04万公里</span>,丰田 汉兰达 2009款 2.7L 两驱7座豪华版,13.00,"<span style=""line-height: 0.5;"">
                <img src=""https://image1.guazistatic.com/qn2004161741068935468b9d4140af292744c893a35179.jpg"" style=""height: 24px;line-height: 24px;"">
            </span>",<span>自动</span>,https://www.guazi.com/tangshan/cf93a991aec4eed6x.htm#fr_page=list&fr_pos=city&fr_no=20
<span>1.5L</span>,<span>5.87万公里</span>,雪佛兰 科鲁兹 2015款 1.5L 经典 SE MT,4.98,"<span style=""line-height: 0.5;"">
                <img src=""https://image1.guazistatic.com/qn2004161741147a7e4ff7e8c46a2482837686277aa7ef.jpg"" style=""height: 24px;line-height: 24px;"">
            </span>",<span>手动</span>,https://www.guazi.com/ty/df653ac29cc28696x.htm#fr_page=list&fr_pos=city&fr_no=17
<span>1.4L</span>,<span>4.96万公里</span>,起亚K2 2017款 三厢 1.4L AT GLS,5.98,"<span style=""line-height: 0.5;"">
                <img src=""https://image1.guazistatic.com/qn2004161741163a5072195cd8af0c0d7a25b4d5c7c9d7.jpg"" style=""height: 24px;line-height: 24px;"">
            </span>",<span>自动</span>,https://www.guazi.com/zhongshan/a44b60037848d9e2x.htm#fr_page=list&fr_pos=city&fr_no=16
<span>1.5L</span>,<span>4.57万公里</span>,本田 锋范 2018款 1.5L CVT型动版,7.68,"<span style=""line-height: 0.5;"">
                <img src=""https://image1.guazistatic.com/qn2004161741184e048054c1edd8b4ce2425387e063167.jpg"" style=""height: 24px;line-height: 24px;"">
            </span>",<span>自动</span>,https://www.guazi.com/huizhou/aa0181e24246b4d0x.htm#fr_page=list&fr_pos=city&fr_no=18
<span>2.0L</span>,<span>5.91万公里</span>,日产 天籁 2013款 2.0L XL舒适版,12.00,"<span style=""line-height: 0.5;"">
                <img src=""https://image1.guazistatic.com/qn2004161741153add376c9a3842db6c423b71a4ef7a9a.jpg"" style=""height: 24px;line-height: 24px;"">
            </span>",<span>自动</span>,https://www.guazi.com/huizhou/8ddad67da144f9d7x.htm#fr_page=list&fr_pos=city&fr_no=15
,,雪佛兰 迈锐宝 2012款 2.0L 自动豪华版,8.00,,,https://www.guazi.com/suqian/3461bccfda796186x.htm#fr_page=list&fr_pos=city&fr_no=10
<span>1.5L</span>,<span>4.62万公里</span>,大众 桑塔纳 2018款 1.5L 自动风尚版,6.60,"<span style=""line-height: 0.5;"">
                <img src=""https://image1.guazistatic.com/qn2004161741199c27e8b746ddd6892b27f81c16f35ed6.jpg"" style=""height: 24px;line-height: 24px;"">
            </span>",<span>自动</span>,https://www.guazi.com/zz/e7dc8bb8c443e063x.htm#fr_page=list&fr_pos=city&fr_no=13
<span>2.0L</span>,<span>7.82万公里</span>,起亚 智跑 2015款 2.0L 自动两驱版DLX,8.40,"<span style=""line-height: 0.5;"">
                <img src=""https://image1.guazistatic.com/qn200416174112d49d8d1cfe03676aad188b2be1136a43.jpg"" style=""height: 24px;line-height: 24px;"">
            </span>",<span>自动</span>,https://www.guazi.com/jn/d2e277a0321bd099x.htm#fr_page=list&fr_pos=city&fr_no=12
<span>1.5L</span>,<span>2.63万公里</span>,雪佛兰 科沃兹 2016款 1.5L 手动欣悦版,5.30,"<span style=""line-height: 0.5;"">
                <img src=""https://image1.guazistatic.com/qn2004161741168b8a2cd4c3ef1f72b5644771744916fb.jpg"" style=""height: 24px;line-height: 24px;"">
            </span>",<span>手动</span>,https://www.guazi.com/suqian/3bab21b50c304445x.htm#fr_page=list&fr_pos=city&fr_no=14
<span>1.6L</span>,<span>2.69万公里</span>,福特 福克斯 2018款 两厢经典 1.6L 自动舒适型智行版,8.30,"<span style=""line-height: 0.5;"">
                <img src=""https://image1.guazistatic.com/qn200416174120ab275d5bf6ab47f3d7670b81c1f501cc.jpg"" style=""height: 24px;line-height: 24px;"">
            </span>",<span>自动</span>,https://www.guazi.com/hrb/9aae3dce4fbd1579x.htm#fr_page=list&fr_pos=city&fr_no=11
<span>2.0L</span>,<span>17.34万公里</span>,Jeep 指南者 2014款 2.0L 两驱豪华版(进口),9.38,"<span style=""line-height: 0.5;"">
                <img src=""https://image1.guazistatic.com/qn200416174111263b634be0de744f6b79b5f2c39922d8.jpg"" style=""height: 24px;line-height: 24px;"">
            </span>",<span>自动</span>,https://www.guazi.com/wx/e9855cd0e2613537x.htm#fr_page=list&fr_pos=city&fr_no=7
<span>1.8L</span>,<span>4.07万公里</span>,现代 名图 2014款 1.8L 手动舒适型GL,5.96,"<span style=""line-height: 0.5;"">
                <img src=""https://image1.guazistatic.com/qn2004161741131262a303c8f2b03a2d7b43970e608c2f.jpg"" style=""height: 24px;line-height: 24px;"">
            </span>",<span>手动</span>,https://www.guazi.com/wei/464ed2ada1cd5ec6x.htm#fr_page=list&fr_pos=city&fr_no=6
<span>1.5L</span>,<span>1.54万公里</span>,吉利 远景 2018款 1.5L 自动尊贵型,5.00,"<span style=""line-height: 0.5;"">
                <img src=""https://image1.guazistatic.com/qn2004161741184e048054c1edd8b4ce2425387e063167.jpg"" style=""height: 24px;line-height: 24px;"">
            </span>",<span>自动</span>,https://www.guazi.com/huizhou/31adfbd3f4a11009x.htm#fr_page=list&fr_pos=city&fr_no=8
,,海马M6 2017款 1.5T CVT豪华型,3.98,,,https://www.guazi.com/gz/0ae30fb7322f02e6x.htm#fr_page=list&fr_pos=city&fr_no=2
<span>2.0L</span>,<span>7.38万公里</span>,马自达6 2013款 2.0L 自动时尚型,6.68,"<span style=""line-height: 0.5;"">
                <img src=""https://image1.guazistatic.com/qn2004161741121cf471b64e6fc2b85cd73d983259a8ee.jpg"" style=""height: 24px;line-height: 24px;"">
            </span>",<span>自动</span>,https://www.guazi.com/wx/5884df6a011595dax.htm#fr_page=list&fr_pos=city&fr_no=5
<span>1.5L</span>,<span>1.47万公里</span>,福特 翼搏 2018款 1.5L 自动精翼型,6.98,"<span style=""line-height: 0.5;"">
                <img src=""https://image1.guazistatic.com/qn2004161741188015069aaa867bf40f8d1488a5090d5e.jpg"" style=""height: 24px;line-height: 24px;"">
            </span>",<span>自动</span>,https://www.guazi.com/cs/d4790ddf64527080x.htm#fr_page=list&fr_pos=city&fr_no=4
<span>1.5L</span>,<span>6.44万公里</span>,本田 飞度 2014款 1.5L EX CVT精英型,6.98,"<span style=""line-height: 0.5;"">
                <img src=""https://image1.guazistatic.com/qn200416174114db04396100ba943fcb85565ff1b224a5.jpg"" style=""height: 24px;line-height: 24px;"">
            </span>",<span>自动</span>,https://www.guazi.com/sjz/9b8f6c062d253b6dx.htm#fr_page=list&fr_pos=city&fr_no=1
<span>1.5L</span>,<span>4.21万公里</span>,雪佛兰 科沃兹 2016款 1.5L 自动欣享版,5.68,"<span style=""line-height: 0.5;"">
                <img src=""https://image1.guazistatic.com/qn2004161741188015069aaa867bf40f8d1488a5090d5e.jpg"" style=""height: 24px;line-height: 24px;"">
            </span>",<span>自动</span>,https://www.guazi.com/dg/faac919d54a54edfx.htm#fr_page=list&fr_pos=city&fr_no=3
<span>2.4L</span>,<span>10.81万公里</span>,本田CR-V 2010款 2.4L 自动四驱尊贵版,8.98,"<span style=""line-height: 0.5;"">
                <img src=""https://image1.guazistatic.com/qn2004161741087f035187b682b863a7639ad3b3decda1.jpg"" style=""height: 24px;line-height: 24px;"">
            </span>",<span>自动</span>,https://www.guazi.com/ty/c810146d28184dfdx.htm#fr_page=list&fr_pos=city&fr_no=9
